image_id,post_id,date,author_class,author_department,is_anonymous,purpose,target_class,target_department,description,sentiment,target_name_initial
1,0001_01,2026-04-04,,,True,表白,I2601,I,学生物,积极,lxj
2,0002_01,2026-04-04,,,True,寻人,S2802,S,帅 有气质,积极,hwx
3,0003_01,2026-04-04,,,True,寻人,,I,高二国际部,中性,lqx
4,0004_01,2026-02-17,,,True,寻人,,,,中性,xzm
6,0006_01,2026-02-04,GTE94,,True,寻人,S2704,S,,中性,zg
7,0007_01,2025-10-29,S2806,S,False,寻人,S2806,S,运动会跑步很帅 运动会一楼吃饭太帅了,积极,zSY
8,0008_01,2025-10-29,,,True,提问,,,有复读经历,中性,xz
9,0009_01,2025-10-29,J2501,J,False,表白,J2501,J,长得跟个魔丸一样 太帅了,积极,jyq
10,0010_01,2025-10-29,,,True,寻人,S2713,S,,中性,hzx
11,0011_01,2025-08-19,,,True,提问,,,计算机相关专业,中性,xzxj
12,0012_01,2025-08-19,,,True,寻人,,,唱歌好听,积极,yg
13,0013_01,2025-08-19,,,True,推广,,,,中性,
14,0014_01,2025-08-19,,,True,寻人,,,,中性,
15,0015_01,2025-08-19,,,False,表白,,,已毕业的学长,积极,
16,0016_01,2025-08-19,,,False,表白,,,已毕业的学长,积极,hgg
17,0017_01,2025-05-11,,,True,表白,S2602,S,,积极,cyz
18,0018_01,2025-05-11,S2708,S,False,表白,,,,积极,
19,0019_01,2025-05-11,S2708,S,False,寻人,,,,积极,
20,0020_01,2025-05-11,,,False,表白,I2602,I,名人 帅 声甜 会振翅,积极,cyx
21,0021_01,2025-05-11,,,True,其他,,,,中性,bltsdr
22,0022_01,2025-05-10,S2602,S,False,表白,S2602,S,,积极,cyz
23,0023_01,2025-05-10,,,True,表白,S2708,S,头发卷卷的 可爱,积极,zbr
24,0024_01,2025-05-10,,,True,寻人,,,唱富士山下,中性,sg
25,0025_01,2025-05-10,,,True,寻人,,,追线下 小礼物,积极,thbb
26,0026_01,2025-05-10,,,True,寻人,,,,中性,
27,0027_01,2025-04-19,,,True,表白,S2706,S,帅 试训,积极,ph
28,0028_01,2025-04-19,,,True,表白,S2503,S,可爱,积极,skm
29,0029_01,2025-04-19,,,True,寻物,,,捡到红色葫芦手链,中性,
30,0030_01,2025-03-06,,,True,祝福,S2701,S,特别帅 特别优秀 温柔,积极,zy
31,0031_01,2025-03-06,,,True,提问,S2503,S,学长,中性,lzb
32,0032_01,2025-03-06,,,True,提问,,,,中性,
33,0033_01,2025-03-06,,,True,寻人,,,,中性,nwmldfzr
34,0034_01,2025-01-01,,,True,寻人,J2405,J,,中性,xzx
35,0035_01,2025-01-01,,,True,表白,J2708,J,性格超级好 萌萌的 学习好 人特别好 优秀 宣传委员,积极,tq
36,0036_01,2025-01-01,,,True,表白,S2704,S,玩第五人格的样子真帅,积极,tzy
37,0037_01,2025-01-01,,,False,其他,,,,中性,
38,0038_01,2025-01-01,,,True,表白,,,高三 戴眼镜 随手关门 美 有教养,积极,dyjdns
39,0039_01,2025-01-01,,,True,寻人,,S,普高纪检部 检查人员 女孩子 甩门 帅,积极,
41,0041_01,2024-12-23,,,True,寻人,S2608,S,跳了butterfly和memories,中性,xzxj
42,0042_01,2024-12-23,,,True,寻人,,,好帅,积极,xsdc0hxs
43,0043_01,2024-12-23,,,True,推广,,,,中性,
44,0044_01,2024-12-23,,,True,表白,J2503,J,又自 又高 又帅 好喜欢 国猫猫趴趴,积极,hyq
45,0045_01,2024-12-23,,,True,寻人,,,令人尊敬,积极,lrzjdxz
46,0046_01,2024-12-23,S2504,S,False,表白,,,你好特别 疲惫感 困 声音好听,积极,yyl
47,0047_01,2024-12-23,,,True,表白,S2707,S,戴黑眼镜 女孩子,积极,g
48,0048_01,2024-12-10,,,True,寻人,,,有品,积极,sz xs
49,0049_01,2024-12-10,J2508,J,False,其他,,,,中性,
50,0050_01,2024-12-10,,,True,表白,,,最好的班主任 物理老师 化学老师,积极,zjx ymm
51,0051_01,2024-12-10,,,True,寻人,,,,中性,
52,0052_01,2024-12-10,J2503,J,True,表白,,,帅,积极,
53,0053_01,2024-12-05,,,True,寻人,S2603,S,高二三班 姓周 男生,积极,z
54,0054_01,2024-12-05,,,True,寻人,,,今天早上在篮球场跳dito,中性,xjk
55,0055_01,2024-12-05,,,False,表白,S2703,S,美 抑郁症的克星 植物人的闹钟 帅,积极,hys
56,0056_01,2024-12-05,,,True,寻人,S2606,S,皮肤很白 常穿粉紫渐变鸳鸯AJ,中性,
57,0057_01,2024-12-05,,,True,寻人,,,高一 语文年级第一 美女,中性,
58,0058_01,2024-12-05,,,True,其他,,,,中性,
59,0059_01,2024-12-05,,,True,提问,J2405,J,,中性,sm
60,0060_01,2024-12-05,,,True,祝福,S2503,S,百年好合,积极,xjw hyq
61,0061_01,2024-12-05,J2503,J,False,表白,J2503,J,好小一只 好可爱 好自 好嫩,积极,xjw
62,0062_01,2024-12-05,,,True,其他,,,,中性,
63,0063_01,2024-12-05,,,True,提问,,,,中性,
64,0064_01,2024-12-05,,,True,表白,J2405,J,一起度过三年 美好时光,积极,J2405mygr
65,0065_01,2024-12-05,,,False,其他,,,,中性,
66,0066_01,2024-12-05,,,True,提问,,,,中性,
67,0067_01,2024-12-05,,,True,提问,,,,中性,
68,0068_01,2024-12-05,,,True,寻物,,,,中性,
69,0069_01,2024-10-28,,,True,寻人,J2405,J,姓徐 女生,中性,x
70,0070_01,2024-10-28,,,True,表白,5272,,巨美,积极,cye
71,0071_01,2024-10-28,,,True,寻人,,,细丝黑眼睛 黑皮 市运会 第二天上午有项目,中性,
72,0072_01,2024-10-28,,,True,表白,S2610,S,太帅了,积极,cc
73,0073_01,2024-10-28,,,False,表白,J2405,J,,积极,
74,0074_01,2024-10-28,,,True,其他,,,,中性,
75,0075_01,2024-10-28,,,True,表白,J2503,J,好可爱 王子殿下,积极,ZYR
76,0076_01,2024-10-28,,,True,提问,24届,,,中性,
77,0077_01,2024-10-28,,,True,表白,2501,S,好帅 男神,积极,dyh
78,0078_01,2024-10-28,,,True,寻人,S2710,S,小姐姐,积极,m
79,0079_01,2024-10-25,,,True,寻人,J2004,J,,中性,yjc
80,0080_01,2024-10-25,,,True,表白,J2503,J,3班男神,积极,dyh
81,0081_01,2024-10-25,J2402,J,False,祝福,,,,积极,
82,0082_01,2024-10-25,,,True,表白,J2503,J,萌 可爱,积极,xjw
83,0083_01,2024-10-25,,,True,提问,,,,中性,nwqezdxzxj
84,0084_01,2024-10-25,,,True,表白,J2503,J,超级帅,积极,wDQ
85,0085_01,2024-10-25,,,True,表白,S2707,S,小小的 白白的 眼睫毛好长 喜欢 活泼 转去篮球班,积极,lsl
86,0086_01,2024-10-25,,,True,寻人,,,头发黄黄 不算长 穿着自裤子 呆呆,积极,
87,0087_01,2024-10-25,,,False,表白,J2405,J,,积极,qttx
88,0088_01,2024-10-25,,,True,表白,b2709,,大美女,积极,zy
89,0089_01,2024-10-23,,,True,表白,S2507,I,帅 男神,积极,lyc
90,0090_01,2024-10-23,,,True,表白,J2507,J,语文教的好,积极,qls
91,0091_01,2024-10-23,,,True,寻人,S2703,S,黑皮 狼尾,中性,hplw
92,0092_01,2024-10-23,,,True,寻人,J2607,J,,中性,
93,0093_01,2024-10-23,S2604,S,True,寻人,S2604,S,穿粉色外套 女生 十佳歌手比赛,中性,
94,0094_01,2024-10-23,,,False,表白,J2503,J,可爱,积极,xjw
95,0095_01,2024-10-23,,,False,其他,,,,中性,
96,0096_01,2024-10-23,,,True,表白,,,体育组老师,积极,zysq
97,0097_01,2024-10-23,,,False,其他,,,玩第五人格,中性,
98,0098_01,2024-10-23,,,True,表白,J2503,J,可爱,积极,xjw
99,0099_01,2024-10-23,,,True,寻人,2404,,穿粉色外套 十佳歌手比赛,中性,
100,0100_01,2024-10-23,,,True,表白,,,宁外体育组老师,积极,zysq
101,0101_01,2024-10-23,,,True,寻人,J2607,J,,中性,
102,0102_01,2024-10-23,,,True,寻人,S2703,S,黑皮 狼尾,中性,hplw
103,0103_01,2024-10-23,J2507,J,True,表白,J2507,J,语文 教得好,积极,qls
104,0104_01,2024-10-23,,,True,表白,S2507,I,帅 国际部男神,积极,lyc
105,0105_01,2024-10-12,,,True,表白,S2608,S,宁外校草 实至名归,积极,lbw
106,0106_01,2024-10-12,,,True,表白,S2608,S,宁外校草 实至名归,积极,lbw
107,0107_01,2024-10-12,,,True,表白,S2608,S,宁外校草 实至名归,积极,lbw
108,0108_01,2024-10-12,,,True,推广,,,,中性,
109,0109_01,2024-10-12,,,True,提问,,,穿黑t短裤 接力跑太快 被体育老师点名,中性,xc
110,0110_01,2024-10-12,,,False,寻人,,,Kpop圈友,中性,
111,0111_01,2024-10-12,,J,True,提问,,J,,中性,
112,0112_01,2024-10-12,,,True,其他,,,,积极,
113,0113_01,2024-10-12,,,True,寻人,J2705,J,,中性,smy
114,0114_01,2024-10-12,,,True,提问,,,校草 运动会 穿黑T短裤 接力跑快 被体育老师点名,中性,
115,0115_01,2024-10-12,,,False,寻人,,,Kpop圈友,中性,
116,0116_01,2024-10-12,,J,True,其他,,J,会打排球,中性,
117,0117_01,2024-10-12,,,True,提问,,,,中性,
118,0118_01,2024-10-12,,,True,寻人,J2705,J,,中性,smy
119,0119_01,2024-10-12,,,False,寻人,,,点了一杯茶百道的青提茉莉 要小料死命加 放在3422的一号床位,消极,
120,0120_01,2024-10-12,,,True,表白,S2501,S,高 帅呆,积极,whq
121,0121_01,2024-10-12,J2505,J,False,寻人,,,高中漂亮学姐,积极,
122,0122_01,2024-10-12,,,True,提问,,,,中性,
123,0123_01,2024-10-12,,,True,提问,,,,中性,
124,0124_01,2024-10-12,,,True,寻人,S2508,S,学姐,积极,jzy
125,0125_01,2024-10-12,,,True,表白,J2505,J,,积极,zdn
126,0126_01,2024-10-12,,,True,寻人,,,MBTI是ENFP的男生,中性,
127,0127_01,2024-10-12,,,True,寻人,J2602,J,,中性,zjy
128,0128_01,2024-10-12,,,False,寻人,,,,中性,
129,0129_01,2024-10-12,,,True,表白,S2501,I,长得高 帅,积极,
130,0130_01,2024-10-12,J2505,J,False,寻人,,,高中漂亮学姐,积极,
131,0131_01,2024-10-12,,,True,提问,,,,中性,
132,0132_01,2024-10-12,,,True,提问,,,,中性,
133,0133_01,2024-10-12,,,True,寻人,S2508,S,学姐,中性,jzy
134,0134_01,2024-10-12,,,True,表白,J2505,J,,积极,zdn
135,0135_01,2024-10-12,,,True,寻人,,,ENFP,中性,mbtisENFPdns
136,0136_01,2024-10-12,,,True,寻人,J2602,J,,中性,zjy
137,0137_01,2024-09-04,,,False,其他,,,,中性,xs
138,0138_01,2024-09-04,,,True,寻人,,,,中性,
139,0139_01,2024-08-06,,,True,提问,,,,中性,
140,0140_01,2024-08-06,,,True,寻人,,,想加好友,积极,xzn al
141,0141_01,2024-08-06,,,True,表白,,,可爱,积极,52509m
142,0142_01,2024-07-24,S2701,S,False,寻人,,,,中性,
143,0143_01,2024-07-23,,,True,其他,,,,中性,
144,0144_01,2024-07-23,,,True,其他,,,,中性,
145,0145_01,2024-07-23,,,True,推广,,,,中性,
146,0146_01,2024-07-23,,I,True,寻人,S2508,S,偷书 偷计算机 偷相机 倒卖,消极,hyz
147,0147_01,2024-07-23,,,False,寻人,,,,中性,
148,0148_01,2024-07-23,,,True,寻人,S2200,S,高三,中性,xty
149,0149_01,2024-07-23,,,True,寻人,新高二一班,,漂亮,积极,
150,0150_01,2024-07-23,,,True,提问,,,,中性,
151,0151_01,2024-07-23,,,True,其他,,,,中性,
152,0152_01,2024-07-23,,,True,提问,,,,中性,
153,0153_01,2024-07-23,,,True,提问,,,,中性,
154,0154_01,2024-07-23,,,True,寻人,S2601,S,漂亮 名字复杂,中性,
155,0155_01,2024-07-23,,,True,寻人,S2203,S,高三,中性,xty
156,0156_01,2024-07-23,,,False,寻人,,,温柔,积极,
157,0157_01,2024-07-23,,I,True,寻人,S2508,S,偷书 偷计算机 偷相机 倒卖,消极,hyz
158,0158_01,2024-07-16,,,True,提问,,,,中性,
160,0160_01,2024-07-16,,,True,表白,,,同桌,积极,tle
161,0161_01,2024-07-16,,,True,提问,,,,中性,
162,0162_01,2024-07-16,,,True,寻人,G1101,,会打篮球 比较健壮 唱过最长的电影,中性,w
163,0163_01,2024-07-16,,,True,寻人,,,黑色衣服 男孩子,中性,
165,0165_01,2024-07-16,,,True,推广,,,,积极,
166,0166_01,2024-07-16,,,True,推广,,,,积极,
167,0167_01,2024-07-16,,,True,推广,,,,积极,
168,0168_01,2024-07-04,,,True,寻人,,,背逆转裁判痛包,积极,xjj
169,0169_01,2024-05-24,,,True,寻人,S2609,S,,积极,yzx cyz
170,0170_01,2024-03-27,,,True,寻人,,,高二,中性,ljl
171,0171_01,2024-02-26,,,True,寻人,J2405,J,帅,积极,cxI
172,0172_01,2024-02-26,,,True,其他,,,,中性,
173,0173_01,2024-02-13,,,True,表白,J2304,J,帅,积极,lhx
174,0174_01,2024-02-10,,,True,表白,J2405,J,,积极,mlrp
175,0175_01,2024-02-10,,,True,寻人,,,帅哥,中性,
176,0176_01,2024-02-10,,,True,其他,,,,中性,80Qybc
177,0177_01,2024-01-26,,,True,表白,S2506,S,漂亮 有气质,积极,wym
178,0178_01,2024-01-23,,,True,寻人,S2605,S,,中性,wcq
179,0179_01,2024-01-23,S2505,S,False,寻物,,,白色自动伞 伞把按钮紫色 伞绳紫色 伞绳有小缺 伞把和收伞扣子有品牌名,中性,
180,0180_01,2024-01-23,S2508,S,True,推广,,,,中性,
181,0181_01,2024-01-03,,,True,寻人,,I,国际部音乐会 学生导演 女生,中性,
182,0182_01,2024-01-03,J2301,J,False,其他,,,,中性,
183,0183_01,2024-01-03,J2501,J,False,其他,,,,中性,
184,0184_01,2024-01-03,,,True,寻人,J2408,J,扎侧麻花辫 女生,中性,
185,0185_01,2023-12-31,,,True,寻人,,,拿错礼物 草莓熊 零食礼包,消极,
187,0187_01,2023-12-31,,,True,寻人,,,打架子鼓 穿灰色卫衣 艺术节最后一个,中性,
188,0188_01,2023-12-31,,,False,寻人,S2501,S,,中性,cs
189,0189_01,2023-12-31,,,True,寻人,,I,穿兽装,中性,
190,0190_01,2023-12-31,,,True,提问,,,,中性,
191,0191_01,2023-12-20,,,False,寻物,,,,中性,
192,0192_01,2023-12-20,,,True,表白,,,小美女,积极,gyc
193,0193_01,2023-12-20,,,True,其他,,,,中性,
194,0194_01,2023-12-20,,,True,寻物,,,英文歌 女生唱 前奏好听 像上战场 忧伤 歌词有long high so light baby i'm falling,中性,
195,0195_01,2023-12-20,,,True,提问,,,,中性,
196,0196_01,2023-12-20,,,True,提问,,,,中性,
197,0197_01,2023-12-20,,,False,寻物,,,,中性,
198,0198_01,2023-12-20,,,False,寻物,,,,中性,
199,0199_01,2023-12-20,,,True,提问,,,,中性,
200,0200_01,2023-12-20,,,False,寻物,,,,中性,
201,0201_01,2023-12-20,,,True,表白,S2501,S,小美女,积极,gyc
202,0202_01,2023-12-20,,,True,其他,,,,中性,nwdkpopr
203,0203_01,2023-12-20,,,True,寻物,,,,中性,
204,0204_01,2023-12-20,,,True,提问,,,英文歌 女生唱 前奏好听 像上战场 忧伤 歌词 long high so light baby i'm falling,中性,
205,0205_01,2023-12-20,,,True,表白,J2505,J,长得好看,积极,lsy
206,0206_01,2023-12-20,,,True,祝福,,,宁外之声 四首歌 日语歌 好燃 中文歌 旋律好听 韩语 好听,积极,
207,0207_01,2023-12-20,,,True,表白,J2505,J,,积极,lsy
208,0208_01,2023-12-20,,,True,表白,,,科学任课老师 帅 大猫猫,积极,zb
209,0209_01,2023-12-20,J2305,J,False,提问,,,,消极,
210,0210_01,2023-12-20,,,True,寻人,J2503,J,帅哥 站最前面,积极,
211,0211_01,2023-12-20,,,True,提问,,,,中性,
212,0212_01,2023-12-20,,,True,寻人,,,,积极,
213,0213_01,2023-12-20,,,True,表白,J2505,J,好看,积极,lsy
214,0214_01,2023-12-20,,,True,表白,J2505,J,,积极,lsy
215,0215_01,2023-12-20,,,True,其他,,,,积极,
216,0216_01,2023-12-20,J2305,J,False,提问,,,,消极,
217,0217_01,2023-12-20,,,True,表白,,J,帅 大猫猫,积极,zb
218,0218_01,2023-12-20,,,True,寻人,J2503,J,升旗仪式站最前面 帅哥,积极,
219,0219_01,2023-12-20,,,True,提问,,,,中性,
220,0220_01,2023-12-20,,,True,寻人,,,,中性,
221,0221_01,2023-11-30,,,True,表白,,,男神,积极,st
222,0222_01,2023-11-30,G2601,S,True,寻人,J2401,J,长得像外国人 初三,中性,
223,0223_01,2023-11-30,,,True,表白,J2504,J,,积极,lx
224,0224_01,2023-11-30,,,True,寻人,S2506,S,,中性,yjn
225,0225_01,2023-11-30,J2505,J,True,其他,,,,积极,
226,0226_01,2023-11-24,,,False,提问,,,,中性,
227,0227_01,2023-11-24,,,True,祝福,,,最好的化学老师,积极,xk
228,0228_01,2023-11-24,,,True,其他,,,,中性,
229,0229_01,2023-11-24,,,True,其他,,,,中性,
230,0230_01,2023-11-14,,,True,表白,,I,,积极,wzs
231,0231_01,2023-11-13,,,True,寻人,J2209,J,学姐 寻找联系方式,中性,cmy
232,0232_01,2023-11-13,,,True,寻人,,,次粉 高一6班 送卡,积极,
233,0233_01,2023-11-13,,,False,其他,,,,中性,
234,0234_01,2023-11-13,,,True,寻人,,S,校园歌手,中性,ybtx
235,0235_01,2023-11-13,,,True,其他,,,,中性,
236,0236_01,2023-11-13,,,True,寻人,J2403,J,,中性,lxqq
237,0237_01,2023-11-13,,,True,推广,,,,中性,
238,0238_01,2023-11-13,,,True,其他,,,,中性,
239,0239_01,2023-11-13,,,True,其他,,,,中性,
240,0240_01,2023-11-13,,,True,提问,,,,中性,
241,0241_01,2023-10-28,,,True,寻人,,,姜山中学 打比赛,中性,25hns
242,0242_01,2023-10-28,,,True,表白,S2603,S,数学老师 讲课好 找回年轻感觉,积极,
243,0243_01,2023-10-28,,,True,寻人,,,coser,中性,
244,0244_01,2023-10-28,,,True,寻人,,,高一11班 姓殷 帅哥,积极,y
245,0245_01,2023-10-28,,,True,表白,J2502,J,个子高 长得帅 打球也不错,积极,dxw
246,0246_01,2023-10-28,,J,False,其他,,,,中性,
247,0247_01,2023-10-28,J2802,J,True,其他,,,,消极,h
248,0248_01,2023-10-28,,,True,寻人,,,,中性,cjh
249,0249_01,2023-10-28,J2502,J,True,寻物,,,,中性,
250,0250_01,2023-10-28,J2405,J,False,其他,,,,中性,
251,0251_01,2023-10-28,,,True,寻人,,,美女 拿着橙子汁 八字刘海 不戴眼镜 新高一的,中性,
252,0252_01,2023-10-28,,,True,其他,,,,中性,
253,0253_01,2023-10-22,,,True,寻人,,I,学姐,中性,ztj
254,0254_01,2023-10-22,,,True,寻人,,,扎低麻花辫 可爱 大猫猫,积极,kaxns
255,0255_01,2023-10-22,,,False,其他,,,,中性,
256,0256_01,2023-10-22,,,True,寻人,,,,中性,
257,0257_01,2023-10-22,,,False,寻人,S2502,S,,积极,cyh
258,0258_01,2023-10-22,,,True,推广,,,,中性,
259,0259_01,2023-10-22,,,True,表白,J2508,J,太帅了,积极,zxy
260,0260_01,2023-10-22,,,False,寻物,初三一班,J,,中性,
261,0261_01,2023-10-22,J2503,J,False,寻人,,,华晨宇粉丝,积极,hcyfs
262,0262_01,2023-10-22,,,True,表白,S2307,I,好可爱 唱歌也好听,积极,zax
263,0263_01,2023-10-19,,,True,寻人,S2204,I,帅,积极,jx
264,0264_01,2023-10-19,,,True,寻人,,S,,中性,dzq
265,0265_01,2023-10-19,,,True,寻人,S2502,S,长得像李昀锐,积极,lyr
266,0266_01,2023-10-19,,,True,寻人,S2404,I,帅,积极,jx
267,0267_01,2023-10-19,,,True,寻人,,S,,中性,dzq
268,0268_01,2023-10-19,,,True,寻人,S2502,S,长得像李的锐,中性,ldr
269,0269_01,2023-10-19,,,True,寻人,,,帅哥 号码牌4A05,积极,
270,0270_01,2023-10-19,,,False,推广,,,,中性,xshtybdcy
271,0271_01,2023-10-19,,,True,寻人,,,蓝绿色衣服 高高 和其他男生坐在一起,中性,
272,0272_01,2023-10-19,,,True,寻人,,,,中性,zybxjj
274,0274_01,2023-10-19,,,True,表白,S2605,S,眼睛好好看,积极,wcq
275,0275_01,2023-10-19,,,True,寻人,,,,中性,mn
276,0276_01,2023-10-19,,,True,提问,,,,中性,
277,0277_01,2023-10-19,,,True,寻人,J2405,J,帅,积极,cxI
278,0278_01,2023-10-13,S2602,S,False,寻人,,,,积极,
279,0279_01,2023-10-13,,,True,表白,S2610,S,,消极,jc
280,0280_01,2023-10-05,,,True,表白,,,帅哥,积极,
281,0281_01,2023-10-05,J2408,J,True,其他,,,,中性,
282,0282_01,2023-10-05,,,True,其他,,,,中性,
283,0283_01,2023-10-05,,,True,表白,S2602,S,人美心善,积极,zyf
284,0284_01,2023-10-05,,,True,表白,S2602,S,,积极,tn
285,0285_01,2023-09-05,,,True,表白,,,,消极,
286,0286_01,2023-09-05,,,True,提问,,,小帅哥,中性,
287,0287_01,2023-09-05,,,True,表白,,,,积极,
288,0288_01,2023-08-26,,,True,表白,J2407,J,好看 可爱 高冷,积极,lzm
289,0289_01,2023-08-26,,,True,提问,,S,,中性,
290,0290_01,2023-08-26,,,True,提问,,,,中性,
291,0291_01,2023-08-26,,,True,提问,,,,中性,
292,0292_01,2023-08-26,,,True,表白,S2605,S,帅 可爱 大猫猫,积极,yq
293,0293_01,2023-08-26,,,True,提问,,,帅,中性,wjw
294,0294_01,2023-08-26,,,True,提问,,I,国际部 学姐,中性,sxq
295,0295_01,2023-08-26,,,False,其他,,,,积极,
296,0296_01,2023-08-26,,,True,提问,,,,中性,sbc
297,0297_01,2023-08-14,,,True,表白,J2406,J,好看 小姐姐,积极,cjx
298,0298_01,2023-08-14,,,True,表白,J2407,J,好看 正经 高冷 不好接触,积极,zrh
299,0299_01,2023-08-14,,,True,寻人,,,好米 好可爱,积极,mnxjj
300,0300_01,2023-08-14,,,True,寻人,S2508,S,,中性,lkzb
301,0301_01,2023-08-14,,,False,其他,S2600,S,26届,积极,cxy
302,0302_01,2023-08-14,,,True,寻物,,,,中性,
303,0303_01,2023-08-14,,,True,寻人,,,学长 能带看帅哥,积极,fh
304,0304_01,2023-08-04,,,True,提问,,,,中性,
305,0305_01,2023-08-04,J2504,J,True,表白,,,,积极,hjr
306,0306_01,2023-08-04,,,True,祝福,J2405 J2405,J J,,积极,mlr fcr
307,0307_01,2023-08-04,,,True,其他,S2501,S,,中性,szy
308,0308_01,2023-08-04,,,True,寻人,,J,初中部 参加了市青少年诗词雅会,中性,lc
309,0309_01,2023-08-04,C0727,,True,其他,,,,积极,
310,0310_01,2023-08-04,,,True,提问,,,,中性,
311,0311_01,2023-08-04,,,True,寻人,J2405,J,大帅锅 帅照,积极,cxl
312,0312_01,2023-08-04,,,True,其他,,,帅气,积极,
313,0313_01,2023-08-04,,,False,寻物,,,,中性,
314,0314_01,2023-08-04,,,True,提问,J2404,J,,中性,YQ
315,0315_01,2023-08-04,,,True,寻人,,,,中性,pjq
316,0316_01,2023-08-04,,,True,推广,,,,中性,
317,0317_01,2023-08-04,,,True,表白,S2408,I,,积极,hrzp
318,0318_01,2023-07-27,J2406,J,False,寻人,,,,中性,
319,0319_01,2023-07-27,,,True,寻人,,,比较外向,中性,
320,0320_01,2023-07-27,,,True,推广,,,,积极,nwzx
321,0321_01,2023-07-27,,,True,表白,J2405,J,,积极,
322,0322_01,2023-07-27,,,True,表白,J2407,J,有点黑 自信,积极,wrf
323,0323_01,2023-07-24,,,True,表白,J2406,J,人美心善 平易近人 走路跑步特别优雅 小姐姐,积极,jmt
324,0324_01,2023-07-24,,,True,表白,J2505,J,喜欢很久了,积极,lxy
325,0325_01,2023-07-24,,,True,寻人,,,,中性,lxy
326,0326_01,2023-07-24,,,True,推广,,,,中性,
327,0327_01,2023-07-24,,,True,表白,J2406,J,,积极,jmt
328,0328_01,2023-07-24,,,True,其他,,,,中性,
329,0329_01,2023-07-21,,,True,表白,J2405,J,可爱 温柔 奶呼呼 大美女,积极,xz
330,0330_01,2023-07-21,,,True,其他,,,,中性,
331,0331_01,2023-07-21,,,True,寻人,,J,个子不是很高 头发不长不短 眼睛大大的 戴黑框眼镜 挺漂亮的,积极,
332,0332_01,2023-07-21,,,True,寻人,,,,中性,cyn
333,0333_01,2023-07-21,,,True,表白,J2405,J,可爱 温柔 小姐姐 大美女 奶呼呼,积极,xzl
334,0334_01,2023-07-21,,,True,提问,,,,中性,
335,0335_01,2023-07-21,,,True,寻人,,,初一升初二 个子不是很高 头发不长不短 眼睛大大的 戴黑框眼镜 挺漂亮,积极,
336,0336_01,2023-07-21,,,True,寻人,,,原j2205 现高中部,中性,cyn
337,0337_01,2023-07-21,J2305,J,False,其他,,,很好的兄妹关系,中性,sjw
338,0338_01,2023-07-21,,,True,表白,J2404,J,,积极,GYC
339,0339_01,2023-07-21,,,True,提问,,,,中性,
340,0340_01,2023-07-21,,,True,表白,J2307,J,,积极,ch zhr
341,0341_01,2023-07-21,,,True,表白,J2408,J,,积极,qxp
342,0342_01,2023-07-21,,,False,其他,S2301,I,新高一 帮忙提袋子,积极,xd
343,0343_01,2023-07-21,,,True,其他,,,,积极,zj
344,0344_01,2023-07-21,,,True,其他,,,,中性,
346,0346_01,2023-07-17,,,True,寻物,,,,中性,
347,0347_01,2023-07-17,,,True,提问,J2305,J,,中性,cyz sjw
348,0348_01,2023-07-17,,,True,表白,J2407,J,冲冲姐 理想型,积极,zrh
349,0349_01,2023-07-17,,,True,表白,J2405,J,大大咧咧 可可爱爱,积极,mlr
350,0350_01,2023-07-17,S2301,I,False,提问,,,,中性,
351,0351_01,2023-07-17,,,True,吐槽,,,,消极,
352,0352_01,2023-07-17,S2308,I,True,祝福,,,,积极,
353,0353_01,2023-07-17,,,True,提问,,,,中性,
354,0354_01,2023-07-17,,,True,寻人,,,新初三 在游泳中心学游泳,中性,dlq
355,0355_01,2023-07-17,,,True,寻人,,,帮找到饭卡,积极,xj
356,0356_01,2023-07-17,,,True,寻物,,,,中性,zsveS
357,0357_01,2023-07-17,,,True,表白,J2407,J,单纯 善良,积极,zmy
358,0358_01,2023-07-17,,,True,其他,J2403,J,,中性,wz
359,0359_01,2023-07-11,,,True,祝福,J2306,J,前程似锦 万里可期 有缘再见,积极,Ikt
360,0360_01,2023-07-11,J2507,J,False,其他,,,,中性,
361,0361_01,2023-07-11,S2508,S,False,推广,,,说唱社团团员招募,积极,
362,0362_01,2023-07-11,,,False,表白,S2505,S,,中性,njy
363,0363_01,2023-07-11,,,True,吐槽,,,,消极,
364,0364_01,2023-07-11,J2403,J,True,祝福,J2403,J,,积极,wz
365,0365_01,2023-07-11,,,False,寻人,,,,中性,
366,0366_01,2023-07-05,,,False,提问,,,,中性,
367,0367_01,2023-07-05,,,True,祝福,,,,积极,
368,0368_01,2023-07-05,,,False,推广,,,,积极,
369,0369_01,2023-07-04,,,True,其他,,,,消极,
370,0370_01,2023-07-04,,,True,寻人,,,地理学考 自杨考点 321位号 19号 女生,中性,
371,0371_01,2023-07-04,,,True,寻人,S2300,I,23届 去宁波中学,中性,
372,0372_01,2023-07-04,,,True,其他,,,,积极,
373,0373_01,2023-07-04,,,True,寻人,,,,中性,
374,0374_01,2023-07-04,,,True,推广,,,,中性,xdxm
375,0375_01,2023-07-04,,,True,推广,,,,中性,
376,0376_01,2023-07-04,,,True,寻人,S2304,I,,中性,wjy
377,0377_01,2023-07-04,,,True,祝福,J2304,J,,积极,wxs wns
378,0378_01,2023-07-04,,,False,寻物,,,长方体唇釉 美宝莲 粉色,中性,
379,0379_01,2023-07-04,,,False,寻物,,,长方体 唇釉 美宝莲 粉色,中性,
380,0380_01,2023-07-04,,,True,提问,,,,中性,gyt
381,0381_01,2023-07-04,,,False,其他,,,,积极,
382,0382_01,2023-07-04,,,False,表白,S2504,I,真的真的很喜欢,积极,lnh
383,0383_01,2023-07-04,,,True,推广,,,,积极,
384,0384_01,2023-07-04,S2503,I,False,表白,S2504,I,好漂酿,积极,zky
385,0385_01,2023-06-29,,,True,提问,,,,中性,
386,0386_01,2023-06-29,,,True,推广,,,,中性,
387,0387_01,2023-06-29,J2303,J,True,推广,,,,中性,
388,0388_01,2023-06-29,,,True,推广,,,,中性,xdxmm
389,0389_01,2023-06-29,,,True,寻人,,,,消极,gm
390,0390_01,2023-06-29,,,False,其他,,,,中性,
391,0391_01,2023-06-29,,,True,提问,,,,中性,
392,0392_01,2023-06-29,S2601,S,False,寻人,,,,中性,
393,0393_01,2023-06-29,,,True,提问,J2303,J,,中性,zhd
394,0394_01,2023-06-29,,,True,寻人,,,,中性,05mzc
395,0395_01,2023-06-29,,,True,表白,,,,积极,wkx
396,0396_01,2023-06-29,S2406,I,False,表白,J2403,J,跳投帅气,积极,zb
397,0397_01,2023-06-29,,,True,寻人,,,老师,中性,lyy
398,0398_01,2023-06-29,,,True,寻人,J2304,J,,中性,zky
399,0399_01,2023-06-29,,,True,寻物,,S,,中性,
400,0400_01,2023-06-29,,,True,寻人,,,三独 弹吉他 初一 男生,中性,
401,0401_01,2023-06-29,,,True,表白,J2504,J,小安康鱼最可爱啦,积极,yjr
402,0402_01,2023-06-16,,,True,表白,J2408,J,听说叫 我超爱,积极,ccg cpn
403,0403_01,2023-06-16,,,False,祝福,J2303,J,,积极,J2303qttx
404,0404_01,2023-06-16,J2307,J,False,祝福,J2307,J,,积极,
405,0405_01,2023-06-16,J2401,J,False,表白,,,,积极,qnn
406,0406_01,2023-06-16,,,False,寻人,,,住隐学山庄和东钱湖这块,中性,
407,0407_01,2023-06-16,,,True,寻人,J2306,J,,中性,cl
408,0408_01,2023-06-16,J2404,J,False,表白,J2508,J,修炼爱情唱的太好听,积极,zxy
409,0409_01,2023-06-16,,,False,提问,,,,中性,
410,0410_01,2023-06-16,,,True,表白,J2304,J,美美的老公,积极,wyglnn
411,0411_01,2023-06-16,,,True,寻物,,,,中性,
412,0412_01,2023-06-16,,I,True,推广,,,,中性,
414,0414_01,2023-06-11,,,False,表白,J2306,J,,积极,ztj
415,0415_01,2023-06-11,,,True,表白,J2402,J,温柔 有礼貌 好看 皮肤白 喜欢戴发卡,积极,hys
416,0416_01,2023-06-11,,,False,表白,J2401,J,,积极,dl
417,0417_01,2023-06-11,,,False,寻人,,,特别特别的美,积极,zzdzzbns
418,0418_01,2023-06-11,,,True,寻人,,,,中性,zgy
419,0419_01,2023-06-11,,,True,寻物,,,,中性,
420,0420_01,2023-06-11,J2404,J,False,表白,J2508,J,修炼爱情 唱的太好听,积极,zxm
421,0421_01,2023-06-11,,,False,提问,,,,中性,
422,0422_01,2023-06-11,,,True,寻人,,,毕业典礼上唱约定 喜欢港乐,积极,xxd
423,0423_01,2023-06-11,,,True,表白,J2408,J,善良 可爱,积极,syslkadxjjm（wddarlingmhoneybaby)
424,0424_01,2023-06-11,,,True,寻人,J2407,J,很爱冲,中性,ccj
425,0425_01,2023-06-11,J2508,J,False,表白,,,,积极,
426,0426_01,2023-06-11,,,True,寻人,J2505,J,,中性,zgy
427,0427_01,2023-06-11,,,True,表白,J2408,J,人好 好心 不凡的气质 可爱,积极,xzq
428,0428_01,2023-06-11,,,True,寻人,,,,中性,
429,0429_01,2023-06-11,,,True,寻人,,,管垃圾,中性,gsf
430,0430_01,2023-06-11,,,True,寻人,,J,黄色Nike衣服 白色短裤 卷发 不长 初一or初二 1米6以上 超可爱,积极,
431,0431_01,2023-06-11,,,True,表白,J2408,J,,积极,hrz
432,0432_01,2023-06-11,,,True,寻人,,J,戴玫瑰金框眼镜 活泼 可爱 带运动耳机,积极,
433,0433_01,2023-06-11,,,True,寻人,J2409,J,,中性,xjy
434,0434_01,2023-06-11,,,True,表白,J2402,J,人真的很好,积极,hys
435,0435_01,2023-06-11,,,True,寻人,J2701,J,个子不高 短头发 可爱 上语文社团,中性,
436,0436_01,2023-06-03,,,True,寻人,,,初一男生 只穿nk跑步 跑了7.1Y,中性,
437,0437_01,2023-06-03,,,True,寻人,,,初一男生 只穿跑步 50m测试 跑了71,中性,
438,0438_01,2023-06-03,,,True,寻人,,J,眼睛大 瞪我 齐刘海 头发扎起来 披肩 身高不到160,中性,cyxm
439,0439_01,2023-06-03,,,True,表白,J2402,J,性格开朗 有分寸 有边界感,积极,hys
440,0440_01,2023-06-03,,,True,寻人,,,初一男生 只穿nk跑步 跑50m 成绩7.1秒,中性,
441,0441_01,2023-06-03,J2405,J,False,表白,J2405,J,很喜欢他,积极,fcr
442,0442_01,2023-06-03,,,True,表白,J2402,J,好美,积极,hys
443,0443_01,2023-06-03,,,True,表白,J2302,J,长得很好看 很有素质 人品也很好,积极,hys
444,0444_01,2023-06-03,,,True,寻人,,,初一男生 只穿nk跑步 跑了7.1秒,中性,
445,0445_01,2023-06-03,,,True,表白,J2402,J,性格开朗 有分寸 有边界感,积极,hys
446,0446_01,2023-06-03,,,True,表白,J2402,J,好美,积极,hys
447,0447_01,2023-06-03,,,True,寻人,,J,初一学妹 眼睛很大 瞪我 齐刘海 头发扎起来 披下来到肩膀 身高160不到,中性,
448,0448_01,2023-06-03,J2405,J,False,表白,J2405,J,,积极,fcr
449,0449_01,2023-06-03,,,True,表白,J2302,J,长得很好看 很有素质 人品也很好,积极,hys
450,0450_01,2023-06-03,,,False,表白,J2406,J,帅,积极,wYX
451,0451_01,2023-06-03,,,True,寻人,,,密室 穿白色裙子 漂亮 眼睛不小,积极,
452,0452_01,2023-06-03,J2505,J,False,提问,,,,消极,nwdxzxj
453,0453_01,2023-06-03,,,True,寻人,,,志愿者 女生 人超好 同意提前拿水球玩,积极,
455,0455_01,2023-06-03,,,True,寻人,,,大密室 白衣女鬼 搞笑女 叫得特别大声 会抓人 恐怖NPC,中性,byng gxn kbNPC
456,0456_01,2023-06-03,,,True,其他,S2502,I,手好看,消极,jx
457,0457_01,2023-06-03,,,False,寻人,,,穿蓝色短袖黑色短裤 玩餐巾纸 扔到我饭碗里,中性,
458,0458_01,2023-06-03,,,False,寻物,,,,消极,
459,0459_01,2023-06-03,,,True,表白,S2505,S,他教我题目的样子真的好帅,积极,TSX
460,0460_01,2023-06-03,,,True,其他,,,,消极,gbtx
461,0461_01,2023-06-03,,,False,寻人,S2508,S,漂亮 竞选宁外之星 视频绝美,积极,jzy
462,0462_01,2023-06-03,,,True,寻人,,,在食堂三楼电视上放赛尔号,积极,
463,0463_01,2023-06-03,,,True,表白,S2505,S,讲笑话好有趣 踢足球很厉害,积极,tsx
464,0464_01,2023-06-03,,,True,寻人,,,两个人美心善 玩phi 手机壳黑色带钻,积极,lgrmxsdxjj
465,0465_01,2023-06-03,,,True,表白,S2505,S,文科班 投三分好帅 会教题目,积极,
467,0467_01,2023-06-03,,,True,寻人,,I,,中性,jzy
468,0468_01,2023-05-24,,,False,推广,,,,积极,
469,0469_01,2023-05-24,,,True,寻人,,,篮球比赛 粉色分队背心19号 看起来很猛 穿灰蓝短袖,中性,
470,0470_01,2023-05-24,,,True,表白,,,被人创了就躺在地上很可爱 上场十三秒躺在地上三秒,积极,yyy
471,0471_01,2023-05-23,J2701,J,True,表白,J2503,J,帅,积极,zyx
473,0473_01,2023-05-23,,,True,表白,J2103,J,初三 惊艳,积极,xz
474,0474_01,2023-05-23,,,True,表白,J2505,J,,积极,cyx
475,0475_01,2023-05-23,,,True,其他,,,,中性,
477,0477_01,2023-05-23,,,False,表白,J2306,J,帅,积极,zyx
478,0478_01,2023-05-23,J2303,J,False,表白,J2303,J,,积极,zrx2
479,0479_01,2023-05-23,J2303,J,False,表白,,,,积极,bjy
480,0480_01,2023-05-23,S2502,S,True,表白,,,,积极,t
481,0481_01,2023-05-23,,,True,提问,J2506 J2503,J J,,中性,lsh tjy
482,0482_01,2023-05-23,,,False,表白,J2406,J,,积极,zp
483,0483_01,2023-05-23,,,True,提问,,,,中性,
484,0484_01,2023-05-23,,,True,提问,,,,中性,
485,0485_01,2023-05-23,,,True,寻人,,,今天强基考试校门口,中性,xz
487,0487_01,2023-05-17,,,False,祝福,,,,积极,xsy
488,0488_01,2023-05-16,,,True,寻人,,,初一 学妹 被弄摔倒 受害者,中性,
489,0489_01,2023-05-16,,,True,提问,,,,中性,
490,0490_01,2023-05-16,,,False,推广,,,,中性,
491,0491_01,2023-05-16,,,False,祝福,J2301,J,体育中考顺利 轻松拿下满分 中考大展身手,积极,yzq
492,0492_01,2023-05-16,,,True,寻人,J2401,J,,中性,chm
493,0493_01,2023-05-16,,,True,寻人,J2303,J,自然卷 头发棕色 穿Nike 背Nike黑色书包,中性,
494,0494_01,2023-05-16,,,True,提问,,,,中性,
495,0495_01,2023-05-16,,,True,提问,,,,中性,
496,0496_01,2023-05-16,,,True,其他,,,,中性,
497,0497_01,2023-05-09,,,True,提问,,,,中性,
498,0498_01,2023-05-09,J2409,J,True,表白,,,初三 学长 拉小提琴 踢球,积极,cl
499,0499_01,2023-05-05,,,True,祝福,,,,积极,
500,0500_01,2023-05-05,,,False,祝福,J2301,J,体育中考顺利 轻松拿下满分 中考大展身手,积极,yzq
501,0501_01,2023-05-05,,,True,寻人,,,玩微信区王者 小菜,中性,
502,0502_01,2023-05-05,,,True,寻人,S2402,S,,中性,fzj
503,0503_01,2023-05-02,,,False,推广,,,,中性,
504,0504_01,2023-05-02,,,False,提问,,,,中性,
505,0505_01,2023-05-02,,,True,表白,J2303,J,,积极,xzj
506,0506_01,2023-05-02,,,False,提问,,,,中性,
507,0507_01,2023-05-02,,,True,其他,,,,中性,
508,0508_01,2023-05-02,,,True,祝福,J2502 J2506,J J,,积极,dbx cxy
509,0509_01,2023-05-02,,,False,祝福,S2509 S2507,I I,,积极,yyy syx
510,0510_01,2023-05-02,,,True,寻人,,,搞笑女 搞笑男,积极,
511,0511_01,2023-05-02,,,True,寻人,S2504,S,,中性,Iry
512,0512_01,2023-05-02,J2405,J,False,表白,J2401,J,,积极,dwy
513,0513_01,2023-05-02,,,False,其他,J2210,J,,积极,syw
514,0514_01,2023-05-02,S2502,I,True,推广,,,Rapper 不知名 新专辑,中性,AsiaHood
515,0515_01,2023-05-02,,,False,寻人,J2301,J,初一一班 眼镜 胖 可爱,积极,lsms
516,0516_01,2023-05-02,,,False,寻人,J2701,J,可爱 初一 小胖子 打篮球 星期四下午,中性,xpz
517,0517_01,2023-05-02,,,True,提问,,,,中性,
518,0518_01,2023-04-26,,,True,寻人,,S,普高,中性,wangshihan
519,0519_01,2023-04-26,,,True,寻人,,,普高 睡不醒,中性,ay
520,0520_01,2023-04-26,,,True,寻人,,,穿粉色短裤 戴眼镜 游泳一级,中性,
521,0521_01,2023-04-26,,,False,提问,,,,中性,
522,0522_01,2023-04-26,,,False,表白,,,,积极,bh
523,0523_01,2023-04-26,,,False,寻人,,J,二次元,中性,cydecy
524,0524_01,2023-04-26,,,True,寻人,,,,中性,xzxj
525,0525_01,2023-04-19,,,True,表白,J2406,J,炒鸡呆的妹妹,积极,zzx
526,0526_01,2023-04-19,,,True,寻人,,,,中性,zjt
527,0527_01,2023-04-19,,,False,寻人,J2409,J,漂亮 花木兰,积极,wxd
528,0528_01,2023-04-19,,,True,提问,,,,中性,
529,0529_01,2023-04-19,,,True,提问,J2307,J,,中性,FZY SYX
530,0530_01,2023-04-19,,,False,表白,J2406,J,美丽的女士 酸奶战士,积极,jmt
531,0531_01,2023-04-19,,,True,寻人,J2304,J,短发 可爱,积极,
532,0532_01,2023-04-19,,,True,表白,,,气质吸引,积极,
533,0533_01,2023-04-19,,,True,寻人,S2501,I,长得很好看,积极,shy
534,0534_01,2023-04-19,,,True,表白,J2401,J,,积极,wyb
535,0535_01,2023-04-19,,,True,表白,J2508,J,名字4个字 女生,积极,zsyq
536,0536_01,2023-04-19,,,True,寻人,,,广播站投beatbox,中性,xj
537,0537_01,2023-04-19,,,True,祝福,,,,积极,xy
538,0538_01,2023-04-15,,,True,祝福,S2509,I,龟谊坚不可摧,积极,sqy yyy
539,0539_01,2023-04-15,,,True,提问,S2508,S,,中性,lzb
540,0540_01,2023-04-15,,,True,寻人,J2404,J,外语节主角,中性,
541,0541_01,2023-04-15,,,True,寻人,,I,金丝框眼镜 卷发 高个子 常与三四个男生同行,中性,
542,0542_01,2023-04-15,,,True,提问,,,初三,中性,cyq zzy
543,0543_01,2023-04-15,,,True,寻人,,,穿白T 灰色短裤 守门 帅哥,中性,
544,0544_01,2023-04-15,,,True,寻人,J2307,J,打篮球 男生 打得不错,积极,
545,0545_01,2023-04-15,,,True,其他,,,,中性,
546,0546_01,2023-04-14,,,True,祝福,S2509 S2507,I I,,积极,xyx zt99
548,0548_01,2023-04-14,,,True,提问,,,,中性,
549,0549_01,2023-04-14,,,True,表白,J2302,J,,积极,
550,0550_01,2023-04-14,,,True,表白,S2509,S,crush,积极,yy
551,0551_01,2023-04-14,,,True,表白,J2302,J,哥哥,积极,yg
552,0552_01,2023-04-11,,,True,表白,S2509,S,好美,积极,sqy
553,0553_01,2023-04-11,,,True,寻人,,I,高二 领奖 上海哈佛中心,中性,
554,0554_01,2023-04-11,,,True,提问,,,,中性,zky fzh
555,0555_01,2023-04-11,,,True,祝福,,,,积极,toto Linda
556,0556_01,2023-04-11,,,True,提问,J2202,J,初二二班,中性,hys
557,0557_01,2023-04-11,,,False,寻人,,,,中性,
558,0558_01,2023-04-11,,,True,寻人,J2409,J,,中性,xiy
559,0559_01,2023-04-11,,,True,其他,,,,积极,
560,0560_01,2023-04-11,,,True,其他,,,,中性,
561,0561_01,2023-04-11,,,True,其他,,,,中性,
562,0562_01,2023-04-06,,,True,提问,,,,中性,t
563,0563_01,2023-04-06,,,True,寻人,S2402,S,,中性,chenkehao
564,0564_01,2023-04-06,,,True,寻人,,,喜欢画画,中性,
565,0565_01,2023-04-04,,,True,推广,,,,中性,
566,0566_01,2023-04-04,,,False,表白,S2601,S,高一 小姑娘,积极,xzy
568,0568_01,2023-04-04,,,True,提问,,,,中性,
569,0569_01,2023-04-04,,,True,寻人,J2301,J,高冷 经常披着头发 五官立体 小麦肤色,积极,
570,0570_01,2023-04-04,,,True,提问,,,,中性,
571,0571_01,2023-04-04,,,True,提问,,,,中性,cx
572,0572_01,2023-04-04,,,False,其他,,,,中性,
573,0573_01,2023-04-04,S2402,I,True,表白,,,,积极,ckh
574,0574_01,2023-04-04,J2301,J,False,表白,,,,积极,
575,0575_01,2023-04-03,,,True,寻人,,,初一 穿银白色分队背心 高个子 牛仔裤 身材好,积极,
576,0576_01,2023-04-03,,,False,其他,,,,中性,
577,0577_01,2023-04-03,,,True,表白,J2405,J,,积极,sm
578,0578_01,2023-04-03,,,True,表白,J2406,J,超级温柔的女孩子,积极,mxy
579,0579_01,2023-04-03,,,True,提问,,,,中性,sm
580,0580_01,2023-04-03,,,False,表白,S2503,S,可爱 香菇狗 可爱,积极,zsyj
581,0581_01,2023-04-03,,,True,寻人,S2402,S,,中性,ckh
582,0582_01,2023-04-02,,,True,表白,J2301,J,甜,积极,zht
583,0583_01,2023-04-02,,,True,提问,,,,中性,
584,0584_01,2023-04-02,,,False,表白,S2503,S,可爱 小勾可爱,积极,zy
585,0585_01,2023-04-02,,,True,寻人,,,,中性,sh
586,0586_01,2023-04-02,,,True,表白,J2406,J,可爱,积极,yzm
587,0587_01,2023-04-02,,,True,寻人,J2508,J,初一,中性,hzx
588,0588_01,2023-04-02,,,True,表白,J2409,J,,积极,xy2
589,0589_01,2023-04-02,,,True,表白,J2405,J,帅 温柔,积极,c
590,0590_01,2023-04-02,,,True,寻人,,,,中性,yysg
591,0591_01,2023-04-01,,,True,提问,S2504,S,英语节表演 篮球服号码107,中性,lry
592,0592_01,2023-04-01,,,True,表白,J2403,J,,积极,ghy
593,0593_01,2023-04-01,,,True,寻人,S2509,S,高 淑女 1号,中性,byn
594,0594_01,2023-04-01,,,False,寻人,,,,积极,
595,0595_01,2023-04-01,,,True,寻人,J2505,J,好看,积极,wxr
596,0596_01,2023-04-01,,,True,提问,,,,中性,
597,0597_01,2023-04-01,,,True,提问,J2404,J,戴白色口罩 黑框眼镜 有刘海 女孩子,中性,
598,0598_01,2023-04-01,,,True,祝福,J2303 J2303,J J,,积极,wsy czy
599,0599_01,2023-03-28,,,True,提问,,S,,中性,
600,0600_01,2023-03-28,,,True,提问,,,,中性,
601,0601_01,2023-03-28,,,False,表白,,,第一次当普信女,积极,wzj
602,0602_01,2023-03-28,,,True,寻人,,,很高,中性,
603,0603_01,2023-03-28,S2503,S,True,寻人,S2503,S,高 经常一起玩,中性,lggns
604,0604_01,2023-03-28,,,True,寻人,J2200,J,22届初中部 艺委 一起吃饭 学妹,中性,xzh
605,0605_01,2023-03-28,,,True,提问,,,,中性,
606,0606_01,2023-03-28,,,True,其他,,,,中性,
607,0607_01,2023-03-28,,,True,寻人,J2308,J,,积极,wyh
608,0608_01,2023-03-28,,,True,提问,,S,,中性,
609,0609_01,2023-03-28,,,True,提问,,I,,中性,
610,0610_01,2023-03-28,,,False,表白,,,,积极,wzj
611,0611_01,2023-03-28,,,True,寻人,,,高,中性,
612,0612_01,2023-03-28,,,True,寻人,S2503,S,高 经常一起玩,中性,lggns
613,0613_01,2023-03-28,,,True,寻人,,,22届初中部艺委,中性,xzh
614,0614_01,2023-03-28,,,True,提问,,,,中性,
615,0615_01,2023-03-28,,,True,其他,,,,中性,
616,0616_01,2023-03-28,,,True,寻人,J2308,J,,中性,wyh
617,0617_01,2023-03-28,S2508,S,True,寻物,,,,中性,
618,0618_01,2023-03-28,,,True,寻物,,,,中性,
619,0619_01,2023-03-28,,,True,寻物,,,AirPodsPro 崭新 iPhone14pro 崭新出厂,中性,
620,0620_01,2023-03-28,,,True,提问,J2304,J,,积极,jzq
621,0621_01,2023-03-28,,,True,表白,,,老师 女神,积极,hyx
622,0622_01,2023-03-28,,,False,表白,S2504,S,一周一周三体育课经常遇到,积极,lr
623,0623_01,2023-03-28,J2401,J,False,寻人,,,初音未来 COSER 集邮 喜欢 死亡笔记 弹丸论破 第五人格,积极,
624,0624_01,2023-03-28,,,True,寻人,,,COSER 喜欢死亡笔记 弹丸论破 第五人格 初音未来 v家 病模 动漫,中性,
625,0625_01,2023-03-28,,,True,寻人,S2504,I,,中性,smiley
626,0626_01,2023-03-28,,,False,寻人,S2504,S,,中性,
627,0627_01,2023-03-28,,,True,寻人,J2507,J,,中性,xyz
628,0628_01,2023-03-17,,,True,寻物,S2505,S,捡回体育活动背心,积极,lyn
629,0629_01,2023-03-17,,,True,寻人,,,,中性,
630,0630_01,2023-03-17,,,False,祝福,J2307,J,一模顺利,积极,
631,0631_01,2023-03-17,,,True,推广,,,,中性,
632,0632_01,2023-03-17,,,True,寻人,,S,经常打篮球 穿绿鞋子,中性,
633,0633_01,2023-03-17,,,False,寻人,,,好可爱 男孩子 捡衣服,积极,
634,0634_01,2023-03-13,,,False,表白,J2503,J,清澈中带着一丝愚蠢,积极,zsyj
635,0635_01,2023-03-13,,,True,寻人,,,,中性,wsh
636,0636_01,2023-03-13,,,True,表白,J2502,J,冥想检查戴口罩 超级喜欢,积极,lsx
637,0637_01,2023-03-13,,,True,祝福,,,食堂员工 面窗口 大叔 大妈 做饭 辛苦 感动,积极,styg ds dm
638,0638_01,2023-03-13,,,False,寻物,,,拍立得照片 绿色饭卡,中性,
639,0639_01,2023-03-13,,,True,寻人,,I,,中性,cl
640,0640_01,2023-03-13,,,True,寻物,,,拍了玉兰花开的好美,积极,
641,0641_01,2023-03-13,,,True,其他,,S,美女姐姐 经常走在一起 比较高,中性,jjh
642,0642_01,2023-03-13,,,True,表白,,,美 声音好听,积极,zcr
643,0643_01,2023-03-13,S2508,S,False,祝福,,,好甜的情侣 穿褐色Essentials,积极,
644,0644_01,2023-03-13,,,True,寻人,J2403,J,,中性,ghy
645,0645_01,2023-03-07,,,True,表白,J2405,J,很酷,积极,ct
646,0646_01,2023-03-07,J2307,J,False,表白,,,,积极,dd
647,0647_01,2023-03-07,,,True,寻人,,,很瘦 戴眼镜 不高 突破好,中性,5hns
648,0648_01,2023-03-07,,,True,寻人,J2209,J,,中性,pb
649,0649_01,2023-03-07,,,True,表白,,,初三语文组,积极,mls
650,0650_01,2023-03-07,,,True,寻人,,,高三,中性,ljt
651,0651_01,2023-03-07,,,False,寻人,,,,中性,gbzd1nyoureyesdyy
652,0652_01,2023-03-07,,,True,表白,J2307,J,长得像刘亦菲,积极,ylh
653,0653_01,2023-03-07,,,True,寻人,,I,穿黑白条纹衣服 帅,积极,
654,0654_01,2023-03-07,S2403,I,True,寻人,,,公师 五上体课站边 中吃饭旁边,中性,zb
655,0655_01,2023-03-07,,,True,寻人,J2403,J,很帅 周五上午体育课站ghy左边 中午吃饭坐js旁边,中性,
656,0656_01,2023-03-07,,,True,表白,S2504,S,优秀,积极,ljx
657,0657_01,2023-03-07,,,True,寻人,,,,中性,cny
658,0658_01,2023-03-07,J2403,J,True,其他,,,,中性,
659,0659_01,2023-03-07,,,True,吐槽,,,女寝三号楼第三层卫生间 没开灯 摸黑洗澡,消极,
660,0660_01,2023-03-07,,,True,寻人,,,赛艇队 学长 初二,中性,WF XM99
661,0661_01,2023-03-07,,,False,寻人,S2504,S,,中性,smiley
662,0662_01,2023-03-07,,,True,寻人,,I,高高瘦瘦 不戴眼镜 马尾辫 国际部 第一排 靠近管弦乐队,中性,
663,0663_01,2023-03-07,,,True,寻人,,,周三晚上 主持人比赛 合唱队 穿白色羽绒服,中性,
664,0664_01,2023-03-07,,,True,提问,,,,中性,
665,0665_01,2023-03-07,,,True,表白,,,气质好 讲得好 印象深刻 美,积极,bhxjj
666,0666_01,2023-03-07,,,True,寻人,,,录全程,中性,xz（j）
667,0667_01,2023-03-07,,,True,表白,,,可爱 不怯场 未来可期,积极,shxd
668,0668_01,2023-03-07,,,True,表白,,,三位男同学 地铁之王 坐在公交车的电源箱上,积极,bb
669,0669_01,2023-03-07,S2602,S,True,寻人,,,好大声 声音好听,积极,zhaotianyi
670,0670_01,2023-03-07,,,True,寻人,,I,瘦瘦 穿小白鞋 头发卷 帅哥,积极,
671,0671_01,2023-02-21,,,True,寻人,J2403,J,很帅 体育课站ghy左边 中午吃饭坐js旁边,积极,
672,0672_01,2023-02-21,,,True,寻人,J2408,J,,中性,lj
673,0673_01,2023-02-21,,,True,其他,,,,中性,
674,0674_01,2023-02-21,,,True,寻物,,,黑色 韦德之道 球 柜子 密码锁,消极,
675,0675_01,2023-02-21,,,True,其他,,,,积极,
676,0676_01,2023-02-21,,,True,提问,,,,中性,sm
677,0677_01,2023-02-21,,,True,寻人,,,高一男生,中性,zhy
678,0678_01,2023-02-21,,,True,寻物,,,,中性,
679,0679_01,2023-02-14,,,False,表白,S2402,I,小伙子 学校食堂工人 第一眼喜欢 重燃希望 愿意等待,积极,lwq
680,0680_01,2023-02-14,,,True,提问,S2504,S,,中性,
681,0681_01,2023-02-14,,,True,寻物,,,,中性,
682,0682_01,2023-02-14,J2506,J,False,其他,,,,中性,
683,0683_01,2023-02-14,,,True,寻人,,,黑鹅,中性,he
684,0684_01,2023-02-14,,,False,提问,,,,中性,
685,0685_01,2023-02-14,,,True,寻人,J2502,J,初二 穿白色卫衣 灰色裤子 碎盖发型 拿两本重点中学与你有约 一叠题目,中性,
687,0687_01,2023-02-07,,,True,表白,,,帅哥,积极,spzdsg
688,0688_01,2023-02-06,,,True,祝福,,,宁外 母校 回忆 怀念 青春,积极,
689,0689_01,2023-02-06,,,False,其他,,,,中性,
690,0690_01,2023-02-06,,,True,表白,J2404,J,在图书馆迎面走来 让我蠢蠢欲动,积极,zgh
691,0691_01,2023-02-06,,,True,寻人,J2502,J,,中性,lsx
692,0692_01,2023-01-31,,,True,推广,,,,积极,
693,0693_01,2023-01-31,,,False,推广,,,,积极,
694,0694_01,2023-01-31,,,True,提问,J2209,J,,中性,wkq
695,0695_01,2023-01-31,,,False,表白,S2509,S,温柔 可爱,积极,garrick
696,0696_01,2023-01-31,,,False,其他,,,,中性,
697,0697_01,2023-01-31,,,True,提问,,,,中性,
698,0698_01,2023-01-26,,,True,表白,J2209,J,,积极,wkq
699,0699_01,2023-01-25,,,True,寻人,,,,中性,nz
700,0700_01,2023-01-25,,,True,表白,J2307,J,,积极,ch zhr
701,0701_01,2023-01-25,,,True,提问,,,,中性,
702,0702_01,2023-01-21,,,True,提问,,,,中性,lnh
705,0705_01,2023-01-21,,,True,寻人,S2303,S,,中性,
706,0706_01,2023-01-21,,,True,其他,,,,中性,
707,0707_01,2023-01-21,,,True,表白,,S,戴围巾 眼镜 帅哥 晚自习 和两个男生一起回寝 好看,积极,
708,0708_01,2023-01-21,S2207,I,True,提问,,,,中性,
708,0708_02,2023-01-21,,,True,表白,S2202,S,带白围巾 眼镜,积极,sg
709,0709_01,2023-01-21,,,True,提问,,,,中性,
710,0710_01,2023-01-21,,,False,祝福,,,生日,积极,zlj
711,0711_01,2023-01-21,,,True,寻人,S2501,S,高一,中性,lsl
712,0712_01,2023-01-21,,,True,祝福,,S,化学老师,积极,zhdy
713,0713_01,2023-01-21,,,True,表白,J2307,J,好有气质 很温柔 22届下来 运动会宣誓,积极,syx
714,0714_01,2023-01-21,,,True,寻人,,I,高二,中性,lw
715,0715_01,2023-01-21,,,True,祝福,J2403,J,小朋友,积极,ysq
716,0716_01,2023-01-21,,,True,祝福,,,,积极,
717,0717_01,2023-01-21,S2508,S,False,推广,,,,积极,
718,0718_01,2023-01-13,,,True,提问,S2506,S,,中性,syn
719,0719_01,2023-01-13,,,False,表白,,S,化学组 老师 鼓励 支持 声音好听,积极,hky
720,0720_01,2023-01-13,,,True,其他,,,,中性,
721,0721_01,2023-01-12,,,True,表白,,S,,积极,hky
722,0722_01,2023-01-12,,,True,表白,J2402,J,,积极,hys
723,0723_01,2023-01-12,,,True,寻人,,,高一,中性,lyx
724,0724_01,2023-01-12,,,True,提问,,S,,中性,jsfqy npy
726,0726_01,2023-01-07,,,True,其他,,,征婚 人畜不限 性别不限 有手有脚 四肢健全 成绩优异,积极,zzh
727,0727_01,2023-01-07,,,False,寻人,,,,积极,
728,0728_01,2023-01-07,,,True,推广,,,心善 大长腿,积极,sd
729,0729_01,2023-01-07,J2503,J,True,其他,J2503,J,高瘦 女孩,中性,
730,0730_01,2023-01-07,,,True,表白,,S,有趣 温柔 灵魂 语气,积极,hky
731,0731_01,2022-12-30,,,True,提问,S2401,S,,中性,omy
732,0732_01,2022-12-30,J2503,J,True,其他,,,,中性,
733,0733_01,2022-12-30,,,True,祝福,,,,积极,
734,0734_01,2022-12-30,,,True,提问,,,,中性,
735,0735_01,2022-12-30,,,True,祝福,S2501,S,,积极,S2501qtcy
736,0736_01,2022-12-30,,,True,表白,,,,积极,
737,0737_01,2022-12-30,,,True,表白,,,,积极,jx
738,0738_01,2022-12-27,,,True,寻人,B2508,,,中性,
739,0739_01,2022-12-27,,,True,寻人,,,周四午饭后 走在一起,中性,cky
740,0740_01,2022-12-27,S2504,S,False,表白,J2302,J,,积极,zzy
741,0741_01,2022-12-27,,,True,其他,,,,中性,
742,0742_01,2022-12-27,,,True,提问,,,,中性,jx
743,0743_01,2022-12-27,,,True,寻人,,,,中性,jsh
744,0744_01,2022-12-27,,,True,提问,,,,中性,zbls
745,0745_01,2022-12-27,,,True,寻人,,,,积极,
747,0747_01,2022-12-27,,,True,表白,,,,积极,
748,0748_01,2022-12-27,,,True,表白,J2404,J,帅炸了 女神,积极,zzy
749,0749_01,2022-12-27,,,False,提问,,,,中性,
750,0750_01,2022-12-27,,,True,提问,,,,中性,
751,0751_01,2022-12-27,,,True,其他,高二二班,,,中性,nky
753,0753_01,2022-12-27,,,True,寻人,,J,初中部 领一等奖学金 戴口罩 有气质,积极,
754,0754_01,2022-12-18,,,True,表白,,,,积极,
755,0755_01,2022-12-17,J2209,J,True,其他,,,,积极,
756,0756_01,2022-12-17,,,False,寻物,,,小米手环6 表带 粉色 半熟芝士 蓝色衣服 男孩 绿色壁纸,中性,
757,0757_01,2022-12-17,,,True,表白,S2502,S,,积极,jx2
758,0758_01,2022-12-17,,,True,表白,,,,积极,
759,0759_01,2022-12-17,,,True,祝福,,,,积极,
760,0760_01,2022-12-17,,,True,提问,,,,中性,
761,0761_01,2022-12-17,,,True,表白,J2306,J,,积极,yzy
762,0762_01,2022-12-17,,,True,寻物,,,,中性,
763,0763_01,2022-12-17,,,True,提问,,,,中性,sm
764,0764_01,2022-12-12,,,True,提问,,,,中性,
765,0765_01,2022-12-12,,,True,提问,,,,中性,
766,0766_01,2022-12-12,,,True,吐槽,,J,初中部老师 插队,消极,
767,0767_01,2022-12-12,,,True,寻人,,,带黑色脸基尼 男生,积极,
768,0768_01,2022-12-12,,,True,祝福,J2303,J,最近刚在一起,积极,
769,0769_01,2022-12-12,,,False,寻人,,,,中性,
770,0770_01,2022-12-12,,,True,寻人,J2501,J,外号是崔哲画,中性,czh
771,0771_01,2022-12-12,,,True,提问,,J,,中性,
772,0772_01,2022-12-12,,,True,祝福,,,,积极,sm
773,0773_01,2022-12-12,,,True,寻物,,,,中性,
774,0774_01,2022-12-12,,,True,祝福,,,,积极,
775,0775_01,2022-12-12,J2302,J,False,提问,,,,积极,
776,0776_01,2022-12-12,,,True,提问,,,,中性,
777,0777_01,2022-12-12,J2302,J,False,提问,,,,积极,
778,0778_01,2022-12-12,,,True,祝福,,,,积极,
779,0779_01,2022-12-12,,,True,寻人,J2501,J,,中性,czp
781,0781_01,2022-12-05,,,True,提问,,,,中性,
782,0782_01,2022-12-05,,,False,寻物,,,,中性,
783,0783_01,2022-12-05,,,True,祝福,,,,积极,
784,0784_01,2022-12-05,,,False,表白,J2301,J,,积极,zht
785,0785_01,2022-12-05,,,True,表白,S2504,S,帅 温柔,积极,lnh
786,0786_01,2022-12-05,,,False,表白,S2502,I,,积极,cyn
787,0787_01,2022-12-05,,,False,寻物,,,拿错或者捡到伞的同学,中性,
788,0788_01,2022-12-05,,,True,寻人,J2504,J,领队 跑步很快 头发棕色 黄色橡皮筋 披着头发,积极,xzy
789,0789_01,2022-12-05,,,True,寻人,J2202,J,,中性,szy
790,0790_01,2022-12-05,,,True,表白,,,穿粉色卫衣 戴眼镜 肤色白 可爱,积极,
791,0791_01,2022-11-27,,,True,表白,,,,积极,
792,0792_01,2022-11-27,,,True,提问,,,,中性,
793,0793_01,2022-11-27,,,True,其他,,,,中性,
794,0794_01,2022-11-27,,,True,提问,,,,中性,
795,0795_01,2022-11-27,,,True,提问,,,,中性,g2
796,0796_01,2022-11-27,,,True,表白,2503,I,好可爱 好小一只,积极,hyq
797,0797_01,2022-11-27,,,True,其他,,,嗓音好 歌帅,积极,zjl
798,0798_01,2022-11-27,,,True,寻物,,,,中性,
800,0800_01,2022-11-25,,,True,其他,J2406,J,,中性,zzh
802,0802_01,2022-11-25,,,True,吐槽,,,乱放球 乱锁柜子,消极,mtx
803,0803_01,2022-11-25,,,True,表白,S2501,I,长得好帅 数学贼好,积极,Ijl
804,0804_01,2022-11-25,,,True,寻人,J2506,J,,中性,yzx
805,0805_01,2022-11-25,,,False,祝福,,,仙品,积极,lyx
806,0806_01,2022-11-25,J2406,J,True,祝福,,,,积极,zh
808,0808_01,2022-11-25,,,True,吐槽,,,乱放球 乱锁柜子,消极,mtx
810,0810_01,2022-11-25,,,True,寻人,J2506,J,,中性,yzx
812,0812_01,2022-11-15,,,True,寻人,,,,积极,lsn
813,0813_01,2022-11-15,,,True,表白,,,好看,积极,
814,0814_01,2022-11-15,,,True,祝福,,,,积极,lsn
815,0815_01,2022-11-15,,S,True,提问,,,,中性,
815,0815_02,2022-11-15,,,True,寻人,,,,积极,lsn
816,0816_01,2022-11-15,,,True,表白,,,不知道是哪个年级的 好好看,积极,
817,0817_01,2022-11-15,,,False,提问,,,高高的 很帅,中性,lry
818,0818_01,2022-11-13,,,True,表白,J2307,J,初二 很瘦 有点黑 七班 远看 好好康,积极,
819,0819_01,2022-11-13,,,False,表白,,,高高的 很帅,积极,lry
820,0820_01,2022-11-13,,,True,表白,J2205,J,可爱 闪闪发光,积极,scc
821,0821_01,2022-11-13,,,True,其他,,,,消极,xn
822,0822_01,2022-11-13,,,True,表白,J2205,J,,积极,lhb
823,0823_01,2022-11-13,,,True,表白,,,,消极,
824,0824_01,2022-11-07,,,True,寻物,,,,中性,ygxjj
825,0825_01,2022-11-07,,,True,推广,,,,中性,
826,0826_01,2022-11-07,,,True,寻物,,,,中性,
827,0827_01,2022-11-07,,,True,寻人,J2410,J,男孩子 经常穿白色连帽卫衣 看起来很乖,中性,
828,0828_01,2022-11-06,,,False,其他,,,,消极,
829,0829_01,2022-11-06,,,True,其他,,,,中性,
830,0830_01,2022-11-06,,,True,表白,J2303,J,,积极,
831,0831_01,2022-11-06,,,True,寻人,,,,中性,yzx zy999999999666uz
832,0832_01,2022-11-06,,,True,表白,S2504,S,黑丝,积极,xn
833,0833_01,2022-11-06,,,True,祝福,,,宁外人 出国 未来,积极,
834,0834_01,2022-11-06,,,False,祝福,,,学姐 学长 新婚快乐 早生贵子,积极,Winnie ange
835,0835_01,2022-11-06,,,True,其他,,,,中性,
836,0836_01,2022-11-06,,,True,表白,,,,积极,glqtx
837,0837_01,2022-11-06,,,True,提问,,,,积极,
838,0838_01,2022-11-06,,,True,寻人,,J,初中部 小小 头发卷卷 很白 可爱 小帅 星期三 体育课 黑色卫衣,积极,
839,0839_01,2022-11-06,,,True,寻人,,,黑色无袖 帅 送水,积极,gynztghswxdmn gtssdsg
840,0840_01,2022-11-06,,,True,寻人,,,篮球队 99号 食堂,中性,lqd99h
841,0841_01,2022-11-06,,,True,寻人,高三八班,,,中性,cj
842,0842_01,2022-11-06,,,True,寻人,,,拍照片的人,中性,
843,0843_01,2022-11-06,,,True,提问,,,,中性,
844,0844_01,2022-11-06,,,True,寻人,,,,中性,
845,0845_01,2022-11-06,,,True,寻人,,,长得像偶像剧女主,积极,
847,0847_01,2022-11-06,,,True,表白,S2501,S,齐刘海 长发,积极,
848,0848_01,2022-11-06,,,True,祝福,,,,中性,
849,0849_01,2022-11-06,J2308,J,False,表白,S2504,S,,积极,lry
850,0850_01,2022-11-06,,,True,其他,,,,中性,zky
851,0851_01,2022-11-06,,,True,祝福,,,初中同学,中性,cztx
852,0852_01,2022-11-06,,,True,祝福,J2207,J,好好喝咖啡 不要加咖啡伴侣 植脂末致癌,中性,B2504zlj
853,0853_01,2022-11-06,,,True,寻人,,,在地铁站（4号线）撞到我行李箱,中性,xgg
854,0854_01,2022-11-06,,,True,寻人,,,像偶像剧女主,积极,
856,0856_01,2022-11-06,,,True,表白,S2501,S,齐刘海 长发,积极,
857,0857_01,2022-11-06,,,True,祝福,,,,中性,
858,0858_01,2022-11-06,J2308,J,False,表白,S2504,I,,积极,lry
859,0859_01,2022-11-06,,,True,寻人,,,,中性,zky
860,0860_01,2022-11-06,,,True,其他,,,,中性,
861,0861_01,2022-11-06,,,True,其他,J2207,J,,消极,zlj
862,0862_01,2022-11-06,,,True,寻人,,,,中性,xgg
863,0863_01,2022-10-21,,,True,寻人,,,跳高场地学生裁判志愿者 女孩子,积极,
864,0864_01,2022-10-21,,,True,寻人,,,初二 女生 穿绿色分队背心 挺高 挺好看,积极,
865,0865_01,2022-10-20,,,True,寻人,S2408,I,,中性,bjy
866,0866_01,2022-10-20,,,True,表白,S2509,S,太美 我好爱,积极,yyy
867,0867_01,2022-10-20,,,True,表白,S2401,I,穿戏服,积极,xjj
868,0868_01,2022-10-17,,,True,其他,,,,中性,
869,0869_01,2022-10-17,,,True,提问,,,,中性,
870,0870_01,2022-10-17,,,True,寻人,,,运动会 大跳 惊艳 上篮 单手 腰很细,积极,
871,0871_01,2022-10-17,,,False,寻人,,,跳高场地学生裁判志愿者 女孩子,积极,
872,0872_01,2022-10-17,,,True,提问,S2503,S,初中喜欢两年,中性,skm
873,0873_01,2022-10-17,,,False,提问,,,,中性,
874,0874_01,2022-10-17,,,True,表白,S2508,S,高 足球绕杆 帅,积极,
875,0875_01,2022-10-17,,,True,寻人,S2402,S,,中性,czh
876,0876_01,2022-10-17,,,True,提问,,,,中性,
877,0877_01,2022-10-17,,,True,祝福,,,,积极,zxh
878,0878_01,2022-10-17,,,True,寻人,S2505,S,,中性,zbw
879,0879_01,2022-10-17,,,True,寻物,,,,中性,
880,0880_01,2022-10-17,,,True,寻人,,,水袖 高二 开幕式,中性,sxjj
881,0881_01,2022-10-17,,,True,寻人,,,,中性,xmq
882,0882_01,2022-10-11,,I,True,推广,,,,积极,
883,0883_01,2022-10-07,,,True,表白,,,,积极,nwst
884,0884_01,2022-10-07,,,True,吐槽,,,,消极,
885,0885_01,2022-10-07,,,True,推广,,,,积极,
886,0886_01,2022-10-07,J2404,J,True,表白,,,喜欢库里 戴口罩 眼镜 女生,积极,
887,0887_01,2022-10-07,,,True,推广,,,,积极,
888,0888_01,2022-10-07,,,False,寻人,J2305,J,小学同学,中性,zj
889,0889_01,2022-10-07,S2401,S,False,寻人,,,,中性,
890,0890_01,2022-10-07,,,True,表白,S2504,S,好好康,积极,lry
891,0891_01,2022-10-07,,,True,寻人,,,宁外阅读老师,中性,wxl
892,0892_01,2022-10-07,,I,True,推广,,,,积极,
893,0893_01,2022-10-07,,,True,其他,J2403,J,本校 女生 想谈十天恋爱 运动会前分手 激发斗志 获金牌,中性,zrx
894,0894_01,2022-10-07,,,False,推广,,,,中性,
895,0895_01,2022-10-07,,,True,表白,J2507,J,,积极,zhy
896,0896_01,2022-10-07,,,True,表白,S2505,S,学姐,积极,hhy
897,0897_01,2022-10-07,,,True,祝福,,,,积极,ly
898,0898_01,2022-10-07,,,True,吐槽,,,,消极,
899,0899_01,2022-10-07,,,True,表白,,,,积极,
900,0900_01,2022-10-07,J2303,J,False,表白,J2307,J,,积极,pth
901,0901_01,2022-10-07,,,False,寻人,,,,积极,xka
902,0902_01,2022-10-07,J4314,J,True,祝福,,,中考加油,积极,xzxj
903,0903_01,2022-10-07,,,True,提问,,,,中性,
904,0904_01,2022-10-07,,,False,祝福,,,好室友,积极,shy
905,0905_01,2022-10-07,,,False,表白,J2202,J,语文老师 好想留级再听一年课,积极,my
906,0906_01,2022-10-07,J2205,J,False,其他,,,,中性,
907,0907_01,2022-10-07,,,True,表白,S2505,S,学姐,积极,hhy
908,0908_01,2022-10-07,,,True,其他,J2403,J,想谈十天甜蜜恋爱 运动会前分手 激发斗志 喜获金牌 重赏,中性,zrx
909,0909_01,2022-10-07,,,True,表白,J2207,J,,积极,zlj
910,0910_01,2022-10-02,,,True,推广,,,,中性,
911,0911_01,2022-10-02,,,True,寻人,J2404,J,带黑框眼镜 经常戴口罩 手上带库里手环,中性,
912,0912_01,2022-10-02,J2403,J,False,其他,,,,中性,
913,0913_01,2022-10-02,,,True,祝福,J2504,J,祝福 999,积极,zky fzh
914,0914_01,2022-10-02,,,True,其他,,,,积极,
915,0915_01,2022-10-02,S2502,S,True,表白,S2502,S,好看,积极,xjj
916,0916_01,2022-10-02,J2302,J,False,祝福,,,宝贝 好朋友,积极,ycb
917,0917_01,2022-09-30,,,False,其他,J2202,J,,中性,
918,0918_01,2022-09-30,,,True,提问,,,,中性,
919,0919_01,2022-09-30,,,True,寻人,,,经常穿灰卫衣 帅哥,中性,
920,0920_01,2022-09-30,,,True,推广,,I,国际部 高二 联排2,积极,
921,0921_01,2022-09-30,,,False,寻物,,,黑色的球 黑色的乔丹 JORDAN,中性,
922,0922_01,2022-09-30,,,True,提问,J2504,J,好不好相处,中性,zky
923,0923_01,2022-09-30,,,False,祝福,,,,积极,
924,0924_01,2022-09-30,,,True,提问,,,,中性,
925,0925_01,2022-09-30,,,True,祝福,J2403,J,生日祝福,积极,qkr
926,0926_01,2022-09-30,,,True,其他,,,,中性,
927,0927_01,2022-09-30,,,True,表白,J2507,J,,积极,hcx
928,0928_01,2022-09-30,,,True,提问,S2501,I,,中性,sys
929,0929_01,2022-09-30,,,True,寻物,,,,中性,
930,0930_01,2022-09-30,,,False,表白,S2509 S2509,I I,,积极,wxy yyy
931,0931_01,2022-09-25,,,False,表白,S2402,S,,积极,cq
932,0932_01,2022-09-25,,,True,其他,,,,中性,
933,0933_01,2022-09-25,,,True,表白,S2504,I,学姐,积极,Iry
934,0934_01,2022-09-25,,,True,表白,S2509,S,,积极,zyA
935,0935_01,2022-09-25,,,True,表白,S2509,I,,积极,yukaiwei
936,0936_01,2022-09-25,,,True,表白,J2405,J,,积极,xzx
937,0937_01,2022-09-25,,,True,表白,S2501,S,五官好立体 帅,积极,wyx
938,0938_01,2022-09-25,,,True,提问,J2209,J,街舞社 原来 创的,中性,jws cmy
939,0939_01,2022-09-25,,,True,表白,,,,消极,
940,0940_01,2022-09-25,,,True,提问,,,,中性,
941,0941_01,2022-09-25,,,True,表白,S2501,S,,积极,wyx2
942,0942_01,2022-09-25,,,True,提问,,,,中性,
944,0944_01,2022-09-21,,,False,寻人,,,拆迷专 odd蓝版红版,中性,yqcmzdxjj
945,0945_01,2022-09-21,,,True,表白,,I,戴项链 唱泡沫 中秋晚会,积极,
946,0946_01,2022-09-21,,,True,表白,S2507,S,,积极,wjy
947,0947_01,2022-09-21,,,True,寻人,,,,积极,ngsblyzd
948,0948_01,2022-09-21,,,False,寻人,,I,,积极,lxy
949,0949_01,2022-09-21,,,True,提问,,,,中性,
950,0950_01,2022-09-21,,,False,祝福,J2209,J,小盆友,积极,lym
951,0951_01,2022-09-21,,,True,寻人,,S,之前宁外读初中 经常带黑口罩 现在可能在普高部 有一双紫色的欧文八,中性,
952,0952_01,2022-09-21,,,False,寻人,,,一群拆迷专的小姐姐 odd蓝版红版,中性,
953,0953_01,2022-09-21,,,True,表白,,I,国际部 中秋晚会 唱泡沫 戴项链 男生,积极,
954,0954_01,2022-09-21,,,True,寻人,,,,中性,
955,0955_01,2022-09-21,,,True,表白,S2507,S,,积极,wjy
956,0956_01,2022-09-21,,,False,寻人,,I,国际部 2020年毕业,中性,lxy
957,0957_01,2022-09-21,,,True,提问,,,,中性,
958,0958_01,2022-09-21,,,False,祝福,J2209,J,小盆友 9.19生日快乐,积极,lym
959,0959_01,2022-09-17,,,True,提问,,,,中性,
960,0960_01,2022-09-17,,,False,其他,S2402,I,,中性,cq
961,0961_01,2022-09-17,,,True,寻人,,,,中性,gwy
962,0962_01,2022-09-17,,,False,其他,,,,积极,
963,0963_01,2022-09-17,,,True,提问,,I,国际部 高二,中性,shx
964,0964_01,2022-09-17,,,True,寻人,,,,中性,
965,0965_01,2022-09-17,,,True,提问,,,,积极,
966,0966_01,2022-09-17,,,True,寻人,,,,中性,
967,0967_01,2022-09-17,,,True,表白,S2502,S,,积极,hyc
968,0968_01,2022-09-17,,,True,提问,J2204,J,,中性,xzh
969,0969_01,2022-09-17,,,True,吐槽,,,,消极,
970,0970_01,2022-09-17,,,True,表白,S2502,S,,积极,hyc
972,0972_01,2022-09-13,,,True,表白,J2207,J,爱着 执着,中性,
973,0973_01,2022-09-13,,,True,寻人,,,,中性,
974,0974_01,2022-09-13,,,True,寻物,,,,中性,
975,0975_01,2022-09-13,,,True,表白,,,,积极,s
976,0976_01,2022-09-13,,,False,表白,S2402,I,姐姐 世界最好的,积极,cq
977,0977_01,2022-09-13,,,True,表白,S2403,S,,积极,dhx
978,0978_01,2022-09-13,,,True,表白,,I,,积极,shx
979,0979_01,2022-09-13,,,True,寻人,,,,中性,
980,0980_01,2022-09-13,,,True,表白,,,男神,积极,sx
981,0981_01,2022-09-11,,,True,推广,,,,积极,
982,0982_01,2022-09-11,,,True,寻人,,I,国际部 金发,积极,xj
983,0983_01,2022-09-11,,,True,祝福,,,,积极,21j
984,0984_01,2022-09-11,,,True,表白,S2502,S,,积极,wzs
985,0985_01,2022-09-11,C0900,,False,其他,,,,中性,
986,0986_01,2022-09-10,,,True,提问,,,,中性,
987,0987_01,2022-09-10,,,False,表白,S2509,I,,积极,zzX
988,0988_01,2022-09-10,,,True,提问,,,帅哥美女 穿自己衣服 八九个人 有男有女,中性,
989,0989_01,2022-09-10,,,False,祝福,J2305,J,,积极,sx
990,0990_01,2022-09-10,,,True,寻人,I2201,I,,中性,shx
991,0991_01,2022-09-10,,,True,寻人,,,漂亮 帮买豆奶,积极,pljj
992,0992_01,2022-09-10,,,True,寻人,,S,普高 国2,中性,zting
993,0993_01,2022-09-10,,,False,其他,J2508,J,江湖救急,积极,bzmdxd
994,0994_01,2022-09-10,,,True,提问,,,老师,中性,wxz
995,0995_01,2022-09-10,,,True,提问,,,,消极,
996,0996_01,2022-09-10,,,True,提问,J2404,J,,中性,lzb
997,0997_01,2022-09-10,,,True,寻人,,,三个男的 穿tb袜子 头发黄,中性,
998,0998_01,2022-09-06,J2302,J,False,寻人,,,寻找收养人,积极,
999,0999_01,2022-09-06,J2302,J,False,寻人,,,收养小猫,积极,hxr
1000,1000_01,2022-09-06,,,False,其他,,,,积极,
1001,1001_01,2022-09-05,,,True,表白,J2210,J,帅气 萌妹,积极,yyy
1002,1002_01,2022-09-05,,,True,提问,,,,中性,
1003,1003_01,2022-09-05,,,True,表白,J2210,J,,积极,wyl
1004,1004_01,2022-09-04,S2501,S,True,其他,,,,中性,
1005,1005_01,2022-09-04,,,True,吐槽,,,,中性,
1006,1006_01,2022-09-04,,,True,吐槽,,,,消极,
1007,1007_01,2022-09-04,,,True,吐槽,,,,消极,
1008,1008_01,2022-09-04,,,True,吐槽,,,,消极,
1009,1009_01,2022-09-04,,,True,寻人,,,已毕业 帅哥 学姐,中性,ybysgxj
1010,1010_01,2022-09-04,,,True,寻人,J2201,J,扎低马尾 留法式刘海 带着黑色发箍 学姐 长得好看,积极,
1011,1011_01,2022-09-04,,,True,表白,,,,积极,
1012,1012_01,2022-09-04,,,False,提问,,,,中性,
1013,1013_01,2022-09-03,,,False,推广,,,,积极,
1014,1014_01,2022-09-03,,,True,推广,,,,积极,
1015,1015_01,2022-09-03,,,True,其他,,,,中性,
1016,1016_01,2022-09-03,,,False,祝福,J2504,J,超级好的老师 沙雕可爱,积极,dn(Daniel)
1017,1017_01,2022-09-03,,,True,吐槽,,,,中性,
1018,1018_01,2022-09-03,,,True,提问,,,,中性,
1019,1019_01,2022-09-03,,,True,祝福,,,,积极,
1020,1020_01,2022-09-03,S2505,S,True,其他,,,,积极,
1021,1021_01,2022-09-03,,,True,寻人,,,帅哥 戴眼镜 黑衣服 戴口罩,中性,
1022,1022_01,2022-09-03,S2502,S,True,寻物,,,丢饭卡,中性,dcy
1023,1023_01,2022-09-03,,,True,其他,,,,中性,
1024,1024_01,2022-09-03,,,True,其他,,,,中性,
1025,1025_01,2022-09-03,,,True,其他,,,,消极,
1026,1026_01,2022-09-03,,,True,其他,,,,中性,
1027,1027_01,2022-09-03,,,True,其他,,,,积极,
1028,1028_01,2022-09-02,,,True,吐槽,,,,消极,
1029,1029_01,2022-09-02,,,True,提问,,,,中性,
1030,1030_01,2022-08-30,,,True,表白,,,身上好闻的甜香,消极,t
1031,1031_01,2022-08-30,,,True,表白,,,,消极,
1032,1032_01,2022-08-30,,,True,其他,,,,消极,
1033,1033_01,2022-08-30,,,True,提问,,,,中性,
1034,1034_01,2022-08-30,,,False,提问,,,,中性,
1036,1036_01,2022-08-30,,,True,提问,,,,中性,
1037,1037_01,2022-08-30,,,True,提问,,,,中性,
1038,1038_01,2022-08-30,,,True,寻人,J2206,J,,中性,yqy
1039,1039_01,2022-08-30,,,True,提问,,,,中性,
1040,1040_01,2022-08-29,,,False,提问,,,,中性,
1041,1041_01,2022-08-29,,,True,提问,,J,初中部 教书 讲课风格,中性,wjb
1042,1042_01,2022-08-29,,,True,提问,,,,消极,
1043,1043_01,2022-08-29,,I,False,提问,,,,中性,
1044,1044_01,2022-08-28,,,True,提问,,,,中性,
1045,1045_01,2022-08-28,,,True,提问,,S,,中性,wyx
1046,1046_01,2022-08-28,,,True,寻人,2306,I,,中性,Angelals
1047,1047_01,2022-08-28,,,True,祝福,,,,积极,
1048,1048_01,2022-08-28,,,True,其他,,,,中性,
1049,1049_01,2022-08-27,J2702,J,False,推广,J2301,J,超级温柔 大美铝,积极,zjj
1050,1050_01,2022-08-27,,,True,寻人,S2509,I,头发卷捲,中性,
1051,1051_01,2022-08-27,,,True,表白,J2504,J,漂亮,积极,wyc
1052,1052_01,2022-08-27,J2205,J,True,祝福,,,,积极,
1053,1053_01,2022-08-27,,,True,提问,S2502,S,美女 穿着外套,中性,
1054,1054_01,2022-08-27,,,False,提问,,,,中性,yd
1055,1055_01,2022-08-27,,,False,表白,,,,积极,
1056,1056_01,2022-08-27,,,True,提问,,,,中性,
1057,1057_01,2022-08-27,T2205,,True,表白,,,,积极,
1058,1058_01,2022-08-27,,,True,寻人,J2302,J,,中性,zrj
1059,1059_01,2022-08-27,,,True,提问,,,,中性,
1060,1060_01,2022-08-26,,,True,寻人,J2410,J,,中性,CJX
1061,1061_01,2022-08-26,,,True,推广,,,,中性,
1062,1062_01,2022-08-26,,,True,表白,J2507,J,漂亮,积极,zky
1063,1063_01,2022-08-25,,,False,提问,,,,中性,
1064,1064_01,2022-08-24,J2404,J,True,寻人,,,爱打球 喜欢库里,积极,YQ
1065,1065_01,2022-08-24,,,True,寻人,J2207,J,,中性,lyz
1066,1066_01,2022-08-24,,,False,寻人,,,教官,中性,zjn
1067,1067_01,2022-08-24,,,True,提问,,,,中性,
1069,1069_01,2022-08-24,,,True,提问,,,,中性,
1070,1070_01,2022-08-24,,,False,寻人,,,教官,中性,zjn
1071,1071_01,2022-08-24,J2404,J,False,其他,,,,中性,
1072,1072_01,2022-08-24,,,True,寻人,J2207,J,,中性,lyz
1073,1073_01,2022-08-23,,,True,表白,J2205,J,,积极,cyn
1074,1074_01,2022-08-23,,,True,其他,,,,消极,
1075,1075_01,2022-08-23,,,True,其他,,,,消极,
1076,1076_01,2022-08-23,,,True,表白,S2204,S,学长,积极,wy
1077,1077_01,2022-08-23,,,True,提问,高一二班,,,中性,jx
1078,1078_01,2022-08-23,,,True,其他,,,,积极,
1079,1079_01,2022-08-23,,,True,其他,J2202,J,,中性,
1081,1081_01,2022-08-23,,,True,其他,,,,消极,t
1082,1082_01,2022-08-23,,,True,表白,,,,积极,wy
1083,1083_01,2022-08-23,,,True,提问,S2402,I,,中性,jx
1084,1084_01,2022-08-23,,,True,其他,,,,积极,gwxdxm
1085,1085_01,2022-08-23,,,True,其他,J2202,J,,中性,
1086,1086_01,2022-08-23,,,True,其他,,,,消极,
1087,1087_01,2022-08-23,,,True,其他,,,,消极,t
1088,1088_01,2022-08-22,,,True,其他,,,,中性,
1089,1089_01,2022-08-22,,,True,其他,,,,中性,nwdxdxmxzxj
1090,1090_01,2022-08-22,,,True,其他,,,,中性,
1091,1091_01,2022-08-22,,,True,其他,,,,中性,
1092,1092_01,2022-08-22,,,True,其他,,,,积极,nwdxdxmxzxj
1093,1093_01,2022-08-22,,,False,其他,,,,中性,
1094,1094_01,2022-08-21,,,True,寻人,J2504,J,很白的女生,中性,
1095,1095_01,2022-08-21,,,True,其他,,,,中性,
1096,1096_01,2022-08-21,,,False,寻人,S2201,S,短头发 女生,中性,xzm
1097,1097_01,2022-08-21,J2202,J,False,其他,,,牛逼,积极,wlh
1098,1098_01,2022-08-21,,,True,寻人,,,打球超帅,积极,xj
1099,1099_01,2022-08-21,J2405,J,False,其他,,,,中性,
1100,1100_01,2022-08-21,J2504,J,True,寻人,,,很自的女生,中性,
1101,1101_01,2022-08-21,,,True,其他,,,,中性,
1102,1102_01,2022-08-21,J2202,J,False,其他,,,,积极,wlh
1103,1103_01,2022-08-21,,,True,寻人,J2205,J,打球超帅,积极,
1104,1104_01,2022-08-21,,,False,寻人,S2200,S,短头发 女生,中性,xzm
1105,1105_01,2022-08-21,J2405,J,False,其他,,,,中性,
1106,1106_01,2022-08-21,J2504,J,True,寻人,,,,中性,
1107,1107_01,2022-08-21,,,True,祝福,J2304,J,,积极,cxI
1108,1108_01,2022-08-21,,,False,祝福,,,生日快乐,积极,ypf
1109,1109_01,2022-08-21,J2305,J,False,祝福,,,大帅哥,积极,yfy
1110,1110_01,2022-08-21,I2401,I,True,表白,I2401,I,,积极,miaosiyǔ
1111,1111_01,2022-08-21,,,True,祝福,J2207,J,未来一切都好 开心,积极,
1112,1112_01,2022-08-21,,,True,提问,,,,中性,
1113,1113_01,2022-08-21,,,True,寻人,S2503,S,举旗手,中性,
1114,1114_01,2022-08-20,,,True,提问,,,,中性,
1115,1115_01,2022-08-20,,,True,祝福,,,,积极,23jdxzxjm
1116,1116_01,2022-08-20,S2504,I,False,表白,S2503,I,帅,积极,xty
1117,1117_01,2022-08-20,,,False,寻人,,,好看,积极,lry
1118,1118_01,2022-08-20,,,True,祝福,J2303,J,游泳中考,积极,
1119,1119_01,2022-08-20,,,True,祝福,S2503 S2504,I I,,积极,xty lry
1120,1120_01,2022-08-20,,,False,祝福,J2301,J,中考游泳顺利 满分,积极,
1121,1121_01,2022-08-20,J2507,J,False,吐槽,,,,消极,
1123,1123_01,2022-08-20,,,False,其他,,,,积极,hqy lrytxdy
1124,1124_01,2022-08-19,,,True,表白,,,,积极,
1125,1125_01,2022-08-19,,,True,表白,,,真诚 用心 温暖 可靠 给足安全感,积极,
1126,1126_01,2022-08-19,,,True,祝福,,,,积极,
1127,1127_01,2022-08-19,J2305,J,False,寻人,,,军训教官 男神,积极,yt
1128,1128_01,2022-08-19,,,True,祝福,J2302,J,游泳考试顺利,积极,J2302qt
1129,1129_01,2022-08-19,,,True,提问,,,,中性,
1130,1130_01,2022-08-19,,,True,提问,S2402,I,,中性,miaosiyǔ
1131,1131_01,2022-08-18,J2305,J,True,祝福,J2305,J,,积极,J2305qb
1132,1132_01,2022-08-17,,,True,提问,,,,中性,
1133,1133_01,2022-08-17,,,True,寻人,,,长发 好看,积极,
1134,1134_01,2022-08-16,S2200,S,True,祝福,,,最好的语文老师 超级漂亮 超级温柔 超级有气质 认真且负责任 蹭吃蹭喝 超级无敌棒 改作业有点水 负责 经常发火 老婆很好看 很有趣 做好水课准备 叉美叉帅,积极,sj gj Celia coming yls zj
1135,1135_01,2022-08-16,,,False,表白,,,,积极,
1136,1136_01,2022-08-16,,,True,祝福,,,好朋友,积极,YHX
1137,1137_01,2022-08-15,J2503,J,False,祝福,J2503,J,成功匹配到非常好的班主任,积极,J2503dtxm
1138,1138_01,2022-08-15,,,True,其他,,,,中性,
1139,1139_01,2022-08-15,,,True,提问,,,,中性,
1140,1140_01,2022-08-15,,,True,其他,,,,中性,
1141,1141_01,2022-08-15,,,True,其他,,,,中性,
1142,1142_01,2022-08-15,J2208,J,True,表白,,,老师,积极,sjls
1143,1143_01,2022-08-15,J2202,J,False,表白,,,,积极,
1144,1144_01,2022-08-15,,,True,表白,J2304,J,,积极,yjq
1145,1145_01,2022-08-15,,,True,表白,J2304,J,,积极,
1146,1146_01,2022-08-14,,,True,表白,J2304,J,,积极,cxl
1147,1147_01,2022-08-14,,,True,推广,,,,积极,
1148,1148_01,2022-08-14,,,True,提问,,,班主任,中性,dln
1149,1149_01,2022-08-14,,,True,表白,J2305,J,,积极,sxg
1151,1151_01,2022-08-13,,,True,其他,,,,中性,
1152,1152_01,2022-08-13,J2209,J,True,其他,,,,中性,
1153,1153_01,2022-08-12,,,True,表白,J1807,J,,积极,wgw
1154,1154_01,2022-08-12,,,True,表白,1807,,,积极,wgw
1155,1155_01,2022-08-12,,,False,表白,J1807,J,初中喜欢的第二个女生,积极,zyy
1156,1156_01,2022-08-12,J2402,J,False,寻人,,,,中性,
1157,1157_01,2022-08-12,,,True,其他,,,,中性,
1159,1159_01,2022-08-12,,,True,表白,J2306,J,,积极,zhj
1160,1160_01,2022-08-12,,,True,表白,J1805,J,,积极,cck
1161,1161_01,2022-08-12,,,True,表白,J1804,J,,积极,jzy
1162,1162_01,2022-08-12,,,True,其他,,,,消极,
1163,1163_01,2022-08-12,,,False,表白,J1807,J,初中喜欢的第二个女生,积极,zyy
1164,1164_01,2022-08-12,J2402,J,False,寻人,,,,中性,
1166,1166_01,2022-08-12,,,True,其他,,,,中性,
1167,1167_01,2022-08-12,,,True,表白,J2306,J,,积极,zhj
1168,1168_01,2022-08-12,,,True,吐槽,,,管理失职 开团 不负责 拖延时间 禁言,消极,wht cpn rht sfy
1169,1169_01,2022-08-12,,,True,表白,J1805,J,,积极,cck
1170,1170_01,2022-08-12,,,True,表白,J1804,J,,积极,jzy
1171,1171_01,2022-08-12,,,True,其他,,,,中性,
1172,1172_01,2022-08-12,,,True,提问,,,,中性,
1173,1173_01,2022-08-12,,,True,提问,,,,中性,
1174,1174_01,2022-08-12,,,True,祝福,,,,积极,
1175,1175_01,2022-08-12,,,True,提问,,J,老同学,中性,gwltx
1176,1176_01,2022-08-11,S2402,S,False,其他,,,,中性,
1177,1177_01,2022-08-11,,,True,提问,,,,中性,
1178,1178_01,2022-08-11,,,True,寻人,J2208,J,校花 帅照,中性,zyq
1179,1179_01,2022-08-11,,,False,提问,,,,中性,
1180,1180_01,2022-08-11,J2208,J,True,其他,,,高冷 女神 美女 学霸,中性,
1181,1181_01,2022-08-11,,,True,表白,J2208,J,高冷女神 美女 学霸,积极,Wxf
1182,1182_01,2022-08-11,,,True,表白,J2304,J,,积极,wjy
1183,1183_01,2022-08-11,,,True,表白,,,,积极,GYJ
1184,1184_01,2022-08-11,,,True,提问,,,,中性,
1185,1185_01,2022-08-11,,,True,表白,J2304,J,,积极,wjyb
1186,1186_01,2022-08-11,,,True,表白,J2408,J,,积极,zxy
1187,1187_01,2022-08-11,,,True,寻人,,,,中性,yd
1188,1188_01,2022-08-11,,,False,祝福,,,明天考试顺利,积极,sylnwdxnwr
1189,1189_01,2022-08-11,,,True,其他,,,,中性,
1191,1191_01,2022-08-10,,,False,表白,J2308,J,,积极,wyh
1192,1192_01,2022-08-10,,,True,表白,J2207,J,,积极,xyx
1193,1193_01,2022-08-10,,,True,表白,J2304,J,,积极,wqy
1194,1194_01,2022-08-10,,,True,表白,J2208,J,,积极,cbx
1195,1195_01,2022-08-10,,,False,祝福,,,,积极,cly
1196,1196_01,2022-08-10,,,True,提问,,,,中性,lyy
1197,1197_01,2022-08-10,J2209,J,True,祝福,J2209,J,同志 生日快乐,积极,lzh
1198,1198_01,2022-08-10,,,False,祝福,J2209,J,,积极,zh
1199,1199_01,2022-08-10,,,True,祝福,J2209,J,学长,积极,lzh
1200,1200_01,2022-08-10,,,True,提问,,,,中性,
1201,1201_01,2022-08-10,,,False,表白,J2208,J,,积极,cbx
1202,1202_01,2022-08-09,,,True,提问,,,,中性,
1203,1203_01,2022-08-09,,,True,提问,,,,中性,
1206,1206_01,2022-08-09,,,True,其他,,,,中性,
1209,1209_01,2022-08-09,,,True,祝福,,,最好的朋友 治愈 鼓励 支持,积极,
1210,1210_01,2022-08-09,,,True,提问,,,,中性,wzs
1211,1211_01,2022-08-09,,,False,祝福,J2409,J,,积极,zmn
1212,1212_01,2022-08-09,,,True,提问,,,,中性,xzxjm
1213,1213_01,2022-08-09,,,True,表白,,,,积极,
1214,1214_01,2022-08-09,,,True,其他,,,,中性,
1215,1215_01,2022-08-09,,,True,表白,,,,积极,
1216,1216_01,2022-08-09,,,True,表白,,,非效东不可 不想谈恋爱 拒绝,消极,xd
1217,1217_01,2022-08-09,,,True,其他,,,初中两年 踢球 声音,消极,
1218,1218_01,2022-08-09,,,True,表白,,,,消极,
1219,1219_01,2022-08-09,,,True,表白,,,,消极,
1220,1220_01,2022-08-08,,,True,提问,,,,中性,
1221,1221_01,2022-08-08,,,True,祝福,J2204,J,,积极,wj
1222,1222_01,2022-08-08,,,True,提问,,,,中性,
1223,1223_01,2022-08-08,,,True,提问,,,,中性,
1226,1226_01,2022-08-07,,,True,其他,,,,中性,
1230,1230_01,2022-08-07,,,True,其他,,,,积极,
1237,1237_01,2022-08-07,,,True,其他,,,,中性,
1244,1244_01,2022-08-07,,,True,其他,,,,中性,
1246,1246_01,2022-08-07,,,True,表白,,,,消极,n
1247,1247_01,2022-08-07,,,True,祝福,,,暗暗喜欢很久 拒绝 升学原因,消极,t
1248,1248_01,2022-08-07,,,True,其他,,,,中性,
1249,1249_01,2022-08-07,,,True,祝福,,,暗暗喜欢了很久,消极,t
1250,1250_01,2022-08-06,,,True,寻人,J2205,J,,中性,cyc
1251,1251_01,2022-08-05,,,True,祝福,S2302,I,,积极,zbw yhy
1252,1252_01,2022-08-05,,,True,表白,J2106,J,,积极,
1253,1253_01,2022-08-05,J2108,J,True,祝福,J2108,J,,积极,
1254,1254_01,2022-08-05,,,True,其他,,,,中性,
1255,1255_01,2022-08-05,,,False,寻人,J2208,J,帅照 不理我 没鸟我 不好好学习 不换头像,消极,ytc
1256,1256_01,2022-08-05,,,True,表白,S2303,I,,积极,yhyp
1257,1257_01,2022-08-05,,,True,表白,,,星辰 玫瑰 流星 朝阳 蝴蝶,积极,
1258,1258_01,2022-08-05,,,True,提问,,,,中性,
1259,1259_01,2022-08-05,,,True,祝福,J2301,J,甜,积极,zjj zzhy
1260,1260_01,2022-08-05,,,True,祝福,J2210,J,生日,积极,cyzj
1261,1261_01,2022-08-05,,,True,祝福,J2301,J,,积极,yqy zzhy
1262,1262_01,2022-08-05,,,True,祝福,J2301,J,,积极,zzhy
1263,1263_01,2022-08-05,J2301,J,False,祝福,,,郑张浩洋的老妈子 生日快乐 永怀善意 清澈明朗,积极,zzhy
1264,1264_01,2022-08-04,,,True,祝福,,,,消极,tb
1265,1265_01,2022-08-04,,,True,祝福,S2301,I,六个单身狗 七夕快乐,积极,ljn ry dhy gzq wsy hxy
1266,1266_01,2022-08-04,,,True,祝福,J2303,J,,积极,
1267,1267_01,2022-08-04,,,True,其他,,,,积极,
1268,1268_01,2022-08-04,,,True,表白,J2307,J,,积极,ptw
1269,1269_01,2022-08-04,,,False,祝福,J2403,J,,积极,J2403bqtcy
1270,1270_01,2022-08-04,,,True,表白,J2206,J,,积极,
1271,1271_01,2022-08-04,,,False,其他,,,,中性,
1272,1272_01,2022-08-04,,,True,表白,,,,积极,
1274,1274_01,2022-08-04,,,True,表白,J2202,J,,积极,cnx
1275,1275_01,2022-08-04,,,True,表白,S2303,I,篮球,积极,xsz
1276,1276_01,2022-08-04,,,True,其他,,,,消极,
1277,1277_01,2022-08-04,,,False,祝福,,,害羞内敛,积极,wxhdnhz txhdns
1278,1278_01,2022-08-04,,,True,祝福,J2109,J,,积极,J2109qt
1280,1280_01,2022-08-04,,,False,祝福,J2410 J2410,J J,,积极,wsh ly
1281,1281_01,2022-08-04,,,True,祝福,J2301,J,,积极,lfy
1282,1282_01,2022-08-04,S2304,I,True,祝福,,,,积极,tns cxs
1283,1283_01,2022-08-04,,,True,祝福,J2401,J,,积极,J2401bqttx
1284,1284_01,2022-08-04,J2301,J,True,其他,J2301,J,,消极,qttx
1285,1285_01,2022-08-04,,,True,祝福,,,,积极,
1286,1286_01,2022-08-04,J2408,J,True,祝福,J2408,J,,积极,qtJ2408txm
1287,1287_01,2022-08-04,,,True,祝福,J2409,J,,积极,J2409qttx zxs wns
1288,1288_01,2022-08-04,J2403,J,True,祝福,J2403,J,永远单身,积极,gwm
1289,1289_01,2022-08-04,J2410,J,True,其他,,,,中性,
1290,1290_01,2022-08-04,,,True,祝福,J2301,J,,积极,J2301qttx
1291,1291_01,2022-08-04,,,True,祝福,,,,积极,
1292,1292_01,2022-08-04,,,True,吐槽,,,,消极,zgy
1293,1293_01,2022-08-04,,,True,表白,J2306,J,,积极,zzr
1294,1294_01,2022-08-04,,,True,祝福,,,,积极,zty
1295,1295_01,2022-08-04,,,True,祝福,J2209 J2302,J J,,积极,Izh ycb
1296,1296_01,2022-08-04,,,True,表白,S2501,S,准高一,积极,sys
1297,1297_01,2022-08-04,,,True,其他,,,,中性,
1298,1298_01,2022-08-04,,,True,表白,,,,积极,
1299,1299_01,2022-08-04,,,True,其他,,,,中性,
1300,1300_01,2022-08-04,,,True,其他,,,,积极,
1301,1301_01,2022-08-04,,,True,其他,,,,积极,
1303,1303_01,2022-08-04,,,True,表白,040181,,,积极,
1305,1305_01,2022-08-04,,,True,其他,,,,中性,
1306,1306_01,2022-08-04,,,True,其他,,,,中性,
1307,1307_01,2022-08-04,S2403,S,True,提问,,,,消极,
1308,1308_01,2022-08-04,,,False,祝福,,,,积极,syr
1309,1309_01,2022-08-04,,,True,表白,J2201,J,,积极,
1310,1310_01,2022-08-04,,,True,提问,,,,中性,
1311,1311_01,2022-08-03,,,True,提问,,,,中性,
1312,1312_01,2022-08-03,,,True,寻人,J2410,J,,中性,ly
1313,1313_01,2022-08-02,,,True,其他,,,,中性,
1314,1314_01,2022-08-02,,,True,其他,,,,中性,
1315,1315_01,2022-08-02,,,True,寻人,J2305,J,,中性,sjh
1316,1316_01,2022-08-02,,,True,提问,,,,中性,
1317,1317_01,2022-08-01,,,True,表白,,,,积极,
1318,1318_01,2022-08-01,,,True,寻人,J2204,J,,中性,ycy
1319,1319_01,2022-08-01,,,True,其他,,,女 08 温柔可人 落落大方 沉鱼落雁 闭月差花 学习超级好 班级第一 年级前三,积极,sjw
1320,1320_01,2022-08-01,,,True,其他,,,温柔可人 落落大方 沉鱼落雁 闭月羞花 学习超级好 班级第一 年级前三,积极,sjw
1323,1323_01,2022-08-01,,,True,提问,,,,中性,
1324,1324_01,2022-08-01,,,True,寻人,S2300,I,,中性,zzh
1325,1325_01,2022-08-01,,,True,提问,,,,中性,
1326,1326_01,2022-08-01,,,True,提问,,,,中性,
1327,1327_01,2022-08-01,,,True,提问,,,,中性,
1328,1328_01,2022-08-01,,,True,提问,,,,中性,
1329,1329_01,2022-08-01,,,True,提问,,,,中性,
1330,1330_01,2022-08-01,,,True,提问,,,,中性,
1331,1331_01,2022-08-01,J2305,J,False,祝福,,,,积极,zsjh
1333,1333_01,2022-08-01,J2301,J,False,寻人,,,失主 泳镜 泳帽,中性,
1334,1334_01,2022-08-01,,,True,寻人,J2203,J,,中性,zwr
1335,1335_01,2022-08-01,,,True,寻人,J2303,J,,中性,zwr
1336,1336_01,2022-08-01,,,True,其他,,,高一 大直女 数学差,积极,wj
1337,1337_01,2022-08-01,,,True,提问,,,,中性,
1338,1338_01,2022-08-01,,,True,提问,,,,中性,
1339,1339_01,2022-08-01,,,True,寻人,J2307,J,求qq,中性,wyq
1340,1340_01,2022-08-01,,,True,其他,,,,中性,
1341,1341_01,2022-08-01,,,True,提问,,,,中性,
1342,1342_01,2022-07-31,,,True,提问,,,,中性,
1343,1343_01,2022-07-31,,,True,提问,,,,中性,
1344,1344_01,2022-07-31,,,True,提问,,,,中性,
1345,1345_01,2022-07-31,,,False,提问,,,,中性,wlc
1346,1346_01,2022-07-31,S2301,I,False,其他,,,,中性,
1347,1347_01,2022-07-30,,,True,提问,,,,中性,
1348,1348_01,2022-07-30,S2404,I,True,其他,,,,中性,
1349,1349_01,2022-07-30,,,True,提问,,,,中性,
1350,1350_01,2022-07-30,,,True,祝福,,,室友 生辅,积极,qy xch
1351,1351_01,2022-07-30,,,True,寻人,J2305,J,,中性,
1352,1352_01,2022-07-30,,,True,提问,,,,消极,
1353,1353_01,2022-07-30,,,True,推广,,,,中性,
1354,1354_01,2022-07-30,,,True,推广,,,,中性,
1355,1355_01,2022-07-30,,,True,其他,,,,中性,
1356,1356_01,2022-07-30,,,True,提问,,,,中性,
1357,1357_01,2022-07-30,,,True,寻人,,,,中性,cyz
1358,1358_01,2022-07-30,,,True,寻人,J2205,J,,中性,xzy
1359,1359_01,2022-07-30,,,True,提问,,,,中性,
1360,1360_01,2022-07-29,,,True,祝福,,I,,积极,r lj
1361,1361_01,2022-07-29,,,False,推广,,,,积极,
1362,1362_01,2022-07-29,,,True,祝福,,,,积极,rtx
1363,1363_01,2022-07-29,,,True,祝福,,,,积极,
1364,1364_01,2022-07-29,J2301,J,True,其他,,,,中性,
1365,1365_01,2022-07-29,,,True,提问,,,,中性,
1366,1366_01,2022-07-28,,,False,,,,,中性,
1368,1368_01,2022-07-28,,,False,提问,,,,中性,
1369,1369_01,2022-07-28,,,False,其他,,,,中性,
1370,1370_01,2022-07-28,,,True,其他,,,,中性,
1371,1371_01,2022-07-28,,,True,吐槽,,,,消极,
1372,1372_01,2022-07-28,,,True,其他,,,,中性,
1373,1373_01,2022-07-28,,,True,其他,,,,消极,
1375,1375_01,2022-07-28,,,True,寻物,,,,中性,Amanda
1376,1376_01,2022-07-28,,,True,其他,,,,中性,
1378,1378_01,2022-07-28,,,True,提问,,,,中性,
1379,1379_01,2022-07-28,,,True,寻物,,,,中性,lj
1380,1380_01,2022-07-28,,,True,推广,,,,中性,
1381,1381_01,2022-07-28,,,True,寻人,,,,中性,sg
1382,1382_01,2022-07-28,,,True,其他,,,,中性,
1383,1383_01,2022-07-28,,,True,提问,,,,中性,
1384,1384_01,2022-07-28,,,True,提问,,,,中性,
1385,1385_01,2022-07-28,,,True,表白,J2410,J,,积极,lzh
1386,1386_01,2022-07-28,,,True,寻人,J2205,J,,中性,zgy
1387,1387_01,2022-07-28,,,False,表白,J2408,J,,积极,zty
1388,1388_01,2022-07-28,,,True,祝福,,,,积极,sb xb
1389,1389_01,2022-07-28,,,True,祝福,,,,积极,
1390,1390_01,2022-07-28,,,True,祝福,,,媳妇 闺女,积极,sb xb
1391,1391_01,2022-07-28,,,True,其他,,,,中性,
1392,1392_01,2022-07-28,J2408,J,False,其他,,,,中性,
1393,1393_01,2022-07-28,J2408,J,True,寻人,J2610,J,龙头涛宝可莉与欢,中性,cdz
1394,1394_01,2022-07-28,,,False,祝福,,,,积极,
1395,1395_01,2022-07-28,,,True,其他,J2305 J2408,J,,中性,cdz rht cyz
1396,1396_01,2022-07-28,,,True,表白,J2410,J,老婆,积极,lzh
1397,1397_01,2022-07-27,,,True,表白,J2410,J,,积极,LMZp
1398,1398_01,2022-07-27,,,True,提问,,,,中性,xzxj
1400,1400_01,2022-07-27,J2404,J,True,提问,,,,中性,
1401,1401_01,2022-07-27,,,True,其他,,,,中性,
1402,1402_01,2022-07-27,,,False,寻人,,,,积极,tb
1403,1403_01,2022-07-27,,,True,提问,S2215,I,,中性,
1404,1404_01,2022-07-27,,,True,寻人,,,,中性,yy
1405,1405_01,2022-07-27,,,True,寻人,,,,中性,ss
1406,1406_01,2022-07-27,,,True,表白,J2408,J,,积极,rht
1407,1407_01,2022-07-27,,,True,寻人,,,,中性,jxy
1408,1408_01,2022-07-27,,,True,其他,,,,中性,
1409,1409_01,2022-07-26,,,True,其他,,,,中性,
1410,1410_01,2022-07-26,,,True,其他,,,,中性,
1411,1411_01,2022-07-26,,,True,推广,,,,中性,
1412,1412_01,2022-07-26,,,True,其他,,,,中性,
1413,1413_01,2022-07-26,,,True,祝福,J2408 J2408 J2305,J J J,,积极,rht xy cyz
1414,1414_01,2022-07-26,,,True,其他,,,,中性,
1415,1415_01,2022-07-26,,,True,其他,,,,中性,
1416,1416_01,2022-07-26,J2305,J,True,表白,J2305,J,,积极,sx
1418,1418_01,2022-07-26,,,True,祝福,,,,积极,
1419,1419_01,2022-07-26,,,True,其他,,,,中性,
1421,1421_01,2022-07-26,,,True,推广,,,,中性,
1422,1422_01,2022-07-26,,,True,其他,,,,中性,
1423,1423_01,2022-07-26,,,False,提问,,,,中性,
1424,1424_01,2022-07-26,J2209,J,True,其他,,,,积极,
1425,1425_01,2022-07-26,J2209,J,True,其他,J2209,J,rapper 未来可期,积极,xb
1426,1426_01,2022-07-26,,,True,提问,,,,中性,
1427,1427_01,2022-07-26,,,True,寻人,,,,中性,
1428,1428_01,2022-07-26,,,True,表白,,,,积极,gg
1429,1429_01,2022-07-26,,,False,其他,,,,中性,
1430,1430_01,2022-07-26,,,True,寻人,J2202,J,,中性,wxh
1431,1431_01,2022-07-25,,,True,提问,,,,中性,
1432,1432_01,2022-07-25,,,True,提问,,,,中性,
1433,1433_01,2022-07-25,,,True,提问,,,,中性,
1434,1434_01,2022-07-25,,,True,提问,,,,中性,
1435,1435_01,2022-07-25,,,True,提问,,,,中性,
1436,1436_01,2022-07-25,,,True,其他,,,,中性,
1437,1437_01,2022-07-25,,,True,其他,,,,中性,
1438,1438_01,2022-07-25,,,True,祝福,,,新歌绝配空降排第一,积极,TNT
1439,1439_01,2022-07-25,,,True,表白,J2305 J2305,J J,傻笑,积极,sjh cdz
1440,1440_01,2022-07-25,,,True,表白,J2301,J,温柔 体贴,积极,zjj
1441,1441_01,2022-07-25,,,True,祝福,,,,积极,TNT
1442,1442_01,2022-07-25,,,True,推广,J2301,J,原神贼六 会撒娇 会秒回 会伪音 全能,积极,lyc
1443,1443_01,2022-07-25,,,False,祝福,,,,积极,Amanda
1444,1444_01,2022-07-25,,,True,提问,,,,中性,syy zzhy
1445,1445_01,2022-07-24,,,False,祝福,,,,积极,Amanda
1446,1446_01,2022-07-24,,,False,祝福,,,新婚快乐,积极,Amandals
1447,1447_01,2022-07-24,,,True,寻人,,,,中性,
1448,1448_01,2022-07-24,,,False,祝福,,,,积极,Amanda
1449,1449_01,2022-07-24,,,False,祝福,J2404,J,大美女 新婚快乐,积极,Amandadbl
1450,1450_01,2022-07-24,,,False,祝福,J2404,J,大美女 导师,积极,Amandadbl
1451,1451_01,2022-07-24,,,False,祝福,J2404,J,导师 大美女 新婚快乐,积极,AmandaT bl
1452,1452_01,2022-07-24,,,True,提问,,,,中性,
1453,1453_01,2022-07-24,,,False,祝福,,,新婚快乐 早生贵子,积极,Amanda
1454,1454_01,2022-07-24,,,True,表白,J2205,J,画的好看,积极,cyc
1455,1455_01,2022-07-24,,,True,其他,,,,中性,
1456,1456_01,2022-07-24,,,True,表白,J2201,J,大帅哥,积极,Ijz
1457,1457_01,2022-07-24,,,True,提问,J2202,J,,中性,cnx
1459,1459_01,2022-07-24,,,True,其他,J2305,J,会打原神 成绩好 篮球 帅,积极,cdz
1460,1460_01,2022-07-24,,,True,表白,J2301,J,原nw 转学 新初三 补习班 打游戏 帅,积极,smj
1461,1461_01,2022-07-24,,,True,提问,,,,中性,
1468,1468_01,2022-07-23,,,True,提问,,,,中性,
1469,1469_01,2022-07-23,,,True,推广,,,大美女,积极,xnxj
1470,1470_01,2022-07-23,,,False,推广,,,,积极,
1471,1471_01,2022-07-23,,,True,其他,,,,中性,
1472,1472_01,2022-07-23,,,True,其他,,,,中性,
1473,1473_01,2022-07-23,,,True,其他,,,,中性,
1474,1474_01,2022-07-23,,,True,其他,,,,中性,
1477,1477_01,2022-07-23,,,True,其他,,,,中性,
1478,1478_01,2022-07-23,,,True,其他,,,,中性,
1479,1479_01,2022-07-23,,,True,其他,,,,中性,
1480,1480_01,2022-07-23,,,True,其他,,,,中性,
1481,1481_01,2022-07-22,,,True,推广,,,,中性,
1483,1483_01,2022-07-22,,,True,其他,,,,中性,
1484,1484_01,2022-07-22,,,True,寻人,J2201,J,nw初中22届 女生 关注两年,中性,
1485,1485_01,2022-07-22,,,True,其他,,,,中性,
1486,1486_01,2022-07-22,,,True,提问,,,,中性,
1487,1487_01,2022-07-22,,,True,其他,,,,积极,Apbomy wy
1488,1488_01,2022-07-22,,,True,祝福,S2401,I,甜 绝配,积极,wy omy99
1489,1489_01,2022-07-22,,,True,祝福,S2401,S,,积极,wy omy9
1490,1490_01,2022-07-22,,,True,祝福,S2401,S,,积极,wy omy9
1491,1491_01,2022-07-22,,,True,寻人,J2301,J,,积极,zjj
1492,1492_01,2022-07-22,,,True,其他,,,,中性,
1493,1493_01,2022-07-22,,,True,其他,,,,中性,cxk
1495,1495_01,2022-07-22,,,True,寻人,J2202,J,,中性,cnx
1496,1496_01,2022-07-22,,,True,推广,,,,积极,xdxm
1497,1497_01,2022-07-22,,,True,其他,,,,中性,
1498,1498_01,2022-07-21,,,True,提问,,,,中性,
1499,1499_01,2022-07-21,,,True,提问,,,,中性,
1500,1500_01,2022-07-21,,,True,提问,,,,中性,
1501,1501_01,2022-07-21,,,True,祝福,J2208 J2303,J J,,积极,cby yjn
1502,1502_01,2022-07-21,,,True,提问,J2208,J,,中性,cby
1503,1503_01,2022-07-21,,,False,寻人,,,长的好看 上补课班,积极,lry
1504,1504_01,2022-07-21,,,True,推广,,,,中性,
1505,1505_01,2022-07-21,S2507,S,True,寻人,S2507,S,新高一,中性,jy
1506,1506_01,2022-07-21,S2509,S,True,其他,S2509,S,,积极,sxc
1507,1507_01,2022-07-20,,,True,推广,,,,中性,
1508,1508_01,2022-07-20,,,True,推广,,,,积极,sjls
1509,1509_01,2022-07-20,,,True,寻人,S2409,I,宁外最自,积极,sxc
1510,1510_01,2022-07-20,,,True,其他,S2609,S,,中性,sxc
1511,1511_01,2022-07-20,,,True,提问,J2201,J,,中性,szy
1512,1512_01,2022-07-20,S2207,I,False,其他,,,,中性,
1513,1513_01,2022-07-20,,,True,提问,,,,中性,
1514,1514_01,2022-07-20,S2501,S,False,表白,S2401,S,帅,积极,ckh
1515,1515_01,2022-07-20,,,True,提问,,,,中性,xzxj
1516,1516_01,2022-07-20,,,True,提问,,,,中性,
1517,1517_01,2022-07-20,,,False,推广,,,,中性,
1518,1518_01,2022-07-20,,,True,推广,,,,中性,
1520,1520_01,2022-07-19,,,True,提问,,,,中性,xzxj
1521,1521_01,2022-07-19,S2601,S,False,推广,,,,积极,
1522,1522_01,2022-07-19,,,True,寻人,,,女孩子,中性,
1523,1523_01,2022-07-18,J2204,J,False,寻人,,,,中性,
1525,1525_01,2022-07-18,,,True,其他,,,,中性,
1526,1526_01,2022-07-18,,,True,其他,,,,中性,
1527,1527_01,2022-07-18,,,False,提问,,,,中性,
1528,1528_01,2022-07-18,,,True,推广,,,,中性,
1529,1529_01,2022-07-18,,,True,其他,,,,中性,
1530,1530_01,2022-07-16,,,True,其他,,,,中性,
1532,1532_01,2022-07-16,,,True,表白,S2401,I,帅气 温柔,积极,xzy
1533,1533_01,2022-07-16,,,True,表白,S2403,I,帅 哥哥,积极,zzh
1534,1534_01,2022-07-16,,,True,其他,,,,中性,
1534,1534_02,2022-07-16,,,True,表白,S2403,S,哥哥 帅,积极,zzh
1535,1535_01,2022-07-16,,,True,提问,,,,中性,
1536,1536_01,2022-07-16,,,True,寻人,,,,中性,
1537,1537_01,2022-07-15,,,True,提问,,,,中性,
1538,1538_01,2022-07-15,,,True,其他,,,,中性,
1539,1539_01,2022-07-15,,,True,提问,,,,中性,
1540,1540_01,2022-07-15,,,False,其他,,,,中性,
1541,1541_01,2022-07-15,,,True,提问,,,,中性,
1542,1542_01,2022-07-14,,,False,提问,,,,中性,
1543,1543_01,2022-07-14,,,True,提问,S2203,S,,中性,nyh
1544,1544_01,2022-07-14,,,True,寻人,,,,中性,
1545,1545_01,2022-07-14,,,True,其他,,,,中性,
1546,1546_01,2022-07-14,,,False,提问,,,,中性,
1547,1547_01,2022-07-14,,,False,寻人,,,,中性,nwmlssz
1549,1549_01,2022-07-14,,,True,提问,,,理创班,中性,xjxz
1550,1550_01,2022-07-12,,,True,推广,,,,积极,
1551,1551_01,2022-07-12,,,True,推广,,,,中性,
1552,1552_01,2022-07-12,,,False,提问,,,,中性,
1553,1553_01,2022-07-12,,,True,提问,,,,中性,
1554,1554_01,2022-07-12,,,True,其他,,,,中性,
1556,1556_01,2022-07-12,,,True,提问,,,学长学姐,中性,xddxzxjm
1557,1557_01,2022-07-12,,,True,提问,,,,中性,
1558,1558_01,2022-07-12,,,False,祝福,,,,积极,cg
1560,1560_01,2022-07-12,,,True,推广,,,,中性,
1561,1561_01,2022-07-12,,,True,其他,,,,中性,
1562,1562_01,2022-07-12,,,True,提问,2209,I,,中性,ly
1563,1563_01,2022-07-12,,,False,寻人,,,,中性,
1564,1564_01,2022-07-12,,,True,提问,S2203 S2201,S S,在一起,中性,zrc gyl
1565,1565_01,2022-07-12,,,True,推广,,,喜欢音乐,积极,Delphine060116
1566,1566_01,2022-07-12,,,True,吐槽,,,,消极,
1568,1568_01,2022-07-12,,,True,其他,,,,积极,
1569,1569_01,2022-07-09,,,True,寻人,,,新高一 会板绘 用数位板 会画画 美女,中性,
1570,1570_01,2022-07-09,,,True,提问,,,,中性,
1571,1571_01,2022-07-09,,,True,寻人,S2209,S,,中性,
1572,1572_01,2022-07-09,,,True,其他,,,,中性,
1573,1573_01,2022-07-09,,I,False,推广,,,,中性,
1574,1574_01,2022-07-09,,,True,推广,,,,中性,
1575,1575_01,2022-07-09,,,False,推广,,,,积极,
1576,1576_01,2022-07-09,,,True,祝福,J2305,J,,积极,sx
1577,1577_01,2022-07-09,,,True,提问,,,,中性,
1578,1578_01,2022-07-09,,,True,提问,,,,中性,
1579,1579_01,2022-07-09,,,True,表白,,,初一数学组 卷超级快 讲课有意思 说话声音好听 梦中情老师,积极,dcl
1580,1580_01,2022-07-09,,,True,表白,J2209,J,很优秀 很可爱,积极,xsy
1581,1581_01,2022-07-09,,,False,寻人,,,,中性,lqlsdxs
1582,1582_01,2022-07-09,,,True,寻人,S2505,S,帅哥,中性,
1583,1583_01,2022-07-07,,,True,寻人,,,新高一 2组 戴口罩,中性,jx
1584,1584_01,2022-07-07,,,True,提问,,,,中性,
1585,1585_01,2022-07-07,,,True,寻人,,,老师,中性,yd
1586,1586_01,2022-07-07,,,True,祝福,,J,超级无敌巨好看,积极,xm
1587,1587_01,2022-07-07,,,True,表白,S2606,S,长得好精致 自好好看,积极,lry
1588,1588_01,2022-07-07,,,True,提问,J2208,J,考到哪个高中,中性,PK Chloe
1589,1589_01,2022-07-07,,,True,表白,J2206,J,,积极,hh
1590,1590_01,2022-07-07,,,True,提问,,,,中性,
1591,1591_01,2022-07-07,,,True,推广,,,,中性,
1592,1592_01,2022-07-07,,,True,提问,,,,中性,
1593,1593_01,2022-07-04,,,True,其他,,,,中性,
1595,1595_01,2022-07-04,,,True,表白,,,科学老师 上课好 有爱 空调不吝啬 奖品好 说到做到 男神,积极,jzh
1596,1596_01,2022-07-04,,,True,提问,,,学ap 学托福雅思,中性,xzxj
1598,1598_01,2022-07-04,S2206,S,True,寻物,S2206,S,穿裙子,中性,
1599,1599_01,2022-07-04,,,True,其他,初三,J,华黑口罩,中性,jqqz
1600,1600_01,2022-07-04,,,True,寻人,,,,中性,
1602,1602_01,2022-07-04,,,True,提问,,,,中性,xzxj
1603,1603_01,2022-07-04,,,True,寻人,J2307,J,,中性,syx
1604,1604_01,2022-06-30,,,True,提问,,,,中性,csdxzxjm
1605,1605_01,2022-06-30,,,True,提问,,,,中性,
1606,1606_01,2022-06-30,,,True,寻人,,,,中性,
1607,1607_01,2022-06-30,,,True,表白,,,改卷速度快,积极,cydls
1608,1608_01,2022-06-30,,,True,提问,,,,中性,yzdxjxz
1609,1609_01,2022-06-30,,,True,提问,,,,中性,
1610,1610_01,2022-06-30,,,True,提问,,,,中性,xzxj
1611,1611_01,2022-06-29,,,True,提问,,,,中性,
1612,1612_01,2022-06-29,,,True,提问,,,,中性,
1613,1613_01,2022-06-29,,,True,提问,,,,中性,
1614,1614_01,2022-06-29,,,True,提问,,,,中性,
1616,1616_01,2022-06-29,,,True,提问,,,,中性,
1617,1617_01,2022-06-29,,,False,寻物,,I,,中性,
1618,1618_01,2022-06-29,,,False,提问,,,,中性,
1619,1619_01,2022-06-29,,,True,其他,,,,中性,zdls
1621,1621_01,2022-06-29,,,True,其他,,,,中性,
1622,1622_01,2022-06-28,,,True,提问,,,,中性,
1623,1623_01,2022-06-28,,,True,寻人,J2206,J,,中性,lsn
1624,1624_01,2022-06-27,,,True,提问,,,,中性,
1625,1625_01,2022-06-27,,,True,提问,,,,中性,xzxj
1626,1626_01,2022-06-27,,,True,提问,,,,中性,
1627,1627_01,2022-06-27,,,True,提问,,,,中性,xszydxzxjm
1628,1628_01,2022-06-27,,,False,祝福,J2302,J,,积极,jrm
1629,1629_01,2022-06-27,,,False,祝福,,,前程似锦,积极,qbmyw
1631,1631_01,2022-06-27,S2201,S,False,提问,,,去正始 前几届,中性,xzxj
1632,1632_01,2022-06-26,,,True,祝福,J2408,J,,积极,
1633,1633_01,2022-06-26,,,True,寻人,J2207,J,,中性,zyf
1634,1634_01,2022-06-26,,,True,寻人,J2203,J,,中性,zyf
1635,1635_01,2022-06-26,,,False,祝福,J2409,J,,积极,J2409dtxm
1636,1636_01,2022-06-26,,,True,吐槽,,,,消极,695dtx
1637,1637_01,2022-06-26,,,False,祝福,J2408,J,,积极,
1638,1638_01,2022-06-26,,,False,其他,,,,中性,
1640,1640_01,2022-06-26,,,True,提问,,,,积极,xzxj
1641,1641_01,2022-06-26,,,True,其他,,,,中性,q
1642,1642_01,2022-06-26,,,True,寻人,J2203,J,,中性,ghx
1643,1643_01,2022-06-26,,,True,提问,,,,中性,
1644,1644_01,2022-06-26,,,True,其他,,,,中性,
1645,1645_01,2022-06-26,,,True,祝福,J2404,J,,积极,J2404sysgmnm
1646,1646_01,2022-06-26,,,True,其他,,,,积极,
1647,1647_01,2022-06-26,J2207,J,False,提问,,,,中性,
1648,1648_01,2022-06-26,,,True,表白,J2304,J,,积极,whj
1649,1649_01,2022-06-26,,,True,寻人,2306,I,,中性,tkz
1650,1650_01,2022-06-26,,,True,寻人,,,,中性,zyf
1651,1651_01,2022-06-26,,,False,表白,,,,积极,jth
1652,1652_01,2022-06-25,,,True,祝福,,,,积极,wkq iyh99
1653,1653_01,2022-06-25,,,True,寻人,S2305,I,,中性,sjh
1654,1654_01,2022-06-25,J2307,J,False,寻物,,,,中性,
1655,1655_01,2022-06-25,,,True,寻人,S1903,I,可爱的女生,积极,
1656,1656_01,2022-06-25,,,True,祝福,,,,积极,
1657,1657_01,2022-06-25,,,False,其他,,,,消极,
1658,1658_01,2022-06-25,,,False,其他,,,,中性,
1659,1659_01,2022-06-25,,,True,祝福,,,人好 帮忙拎东西,积极,gsf
1660,1660_01,2022-06-25,,,True,其他,,,,中性,
1661,1661_01,2022-06-25,,,True,其他,,,,中性,
1662,1662_01,2022-06-25,,,True,其他,,,,积极,
1664,1664_01,2022-06-25,,,True,其他,,,,中性,
1665,1665_01,2022-06-25,,,True,其他,,,,中性,
1666,1666_01,2022-06-24,,,True,提问,,,,中性,
1667,1667_01,2022-06-24,,,True,提问,,,,中性,
1668,1668_01,2022-06-24,J2205,J,False,祝福,,,毕业快乐,积极,sy22jnwbys syywthgdr
1669,1669_01,2022-06-23,J2207,J,False,其他,,,,积极,
1670,1670_01,2022-06-23,,,True,其他,,,,中性,
1671,1671_01,2022-06-23,,,True,提问,,,,中性,
1672,1672_01,2022-06-23,,,True,其他,,,,中性,
1673,1673_01,2022-06-23,,,True,祝福,,,毕业生,积极,22jsybys
1674,1674_01,2022-06-23,,,False,推广,,,,中性,
1675,1675_01,2022-06-23,,,True,提问,,,,中性,
1676,1676_01,2022-06-23,,,False,寻人,,,投稿 小可爱,积极,g00tgdxka
1677,1677_01,2022-06-22,,,True,其他,,,,中性,
1678,1678_01,2022-06-22,,,False,祝福,,,,积极,
1679,1679_01,2022-06-22,,,False,提问,,,,中性,
1680,1680_01,2022-06-22,,,True,表白,,,,积极,
1681,1681_01,2022-06-22,,,True,寻人,2302,,,中性,xsf
1682,1682_01,2022-06-22,,,False,其他,,,,积极,
1683,1683_01,2022-06-22,,,True,提问,,,,中性,
1684,1684_01,2022-06-22,,,True,提问,,,,中性,
1685,1685_01,2022-06-22,,,False,祝福,,,,积极,
1686,1686_01,2022-06-22,,,False,祝福,,,,中性,
1687,1687_01,2022-06-22,,,False,其他,,,,中性,
1688,1688_01,2022-06-22,,,True,其他,,,,中性,
1689,1689_01,2022-06-21,,,False,其他,,,,中性,
1690,1690_01,2022-06-21,,,False,推广,,,,中性,
1691,1691_01,2022-06-21,,,True,其他,,,,中性,
1692,1692_01,2022-06-21,S2306,I,True,寻人,S2306,I,,中性,2306cfh
1693,1693_01,2022-06-21,,,True,提问,,,,中性,
1694,1694_01,2022-06-21,,,False,寻物,,,,中性,
1695,1695_01,2022-06-21,,,True,表白,J2201,J,前程似锦,积极,jz
1696,1696_01,2022-06-21,,,False,寻物,,,,中性,
1697,1697_01,2022-06-21,,,True,寻物,,,黑色佳能数码相机 装在相机包里,中性,
1698,1698_01,2022-06-21,,,True,表白,,,,积极,
1699,1699_01,2022-06-21,J2206,J,False,寻人,,,,中性,2306cih
1700,1700_01,2022-06-21,,,True,寻人,,,之前去鄞江中学,中性,xzxjm
1701,1701_01,2022-06-21,,,True,提问,,,,中性,
1702,1702_01,2022-06-21,,,True,表白,J2305,J,可爱的男孩子,积极,sx
1703,1703_01,2022-06-21,,,True,寻物,,,,中性,hym
1704,1704_01,2022-06-21,,,True,其他,J2201,J,,中性,
1705,1705_01,2022-06-21,,,False,推广,,,,中性,
1706,1706_01,2022-06-21,,,True,表白,,,惊为天人,积极,Maggfie
1707,1707_01,2022-06-21,,,True,其他,,,,中性,
1708,1708_01,2022-06-21,,,True,祝福,,,,积极,
1710,1710_01,2022-06-19,J2206,J,True,其他,,,,中性,
1711,1711_01,2022-06-19,,,True,提问,,,,中性,
1712,1712_01,2022-06-19,,,False,推广,,,,中性,
1713,1713_01,2022-06-19,,,True,寻人,J2402,J,,中性,hys
1714,1714_01,2022-06-19,,,True,其他,2303 2201 2208,I I I,乱造谣,消极,yjn Isy cby
1715,1715_01,2022-06-19,S3202,S,False,其他,,,,积极,
1716,1716_01,2022-06-19,,,True,寻人,J2210,J,,中性,myx
1717,1717_01,2022-06-19,,,True,祝福,,,早生贵子,积极,xc
1718,1718_01,2022-06-19,,,True,其他,,,,中性,
1719,1719_01,2022-06-19,,,True,表白,,,,积极,
1720,1720_01,2022-06-19,,,True,寻人,,,,中性,
1721,1721_01,2022-06-19,,,True,提问,,,,中性,
1722,1722_01,2022-06-19,,,True,提问,,,已经毕业,中性,xzxj
1723,1723_01,2022-06-18,,,True,寻人,,,帅哥,中性,
1724,1724_01,2022-06-18,,,False,祝福,,,中考顺利,积极,xzxj
1726,1726_01,2022-06-18,,,False,表白,,,,积极,
1726,1726_02,2022-06-18,,,False,表白,J2208,J,,积极,dd
1726,1726_03,2022-06-18,,,True,其他,,,,中性,
1727,1727_01,2022-06-18,,,True,提问,J2303 J201 J2208,J J J,,中性,yjn lsy yin cby
1728,1728_01,2022-06-18,,,True,其他,,,,中性,
1729,1729_01,2022-06-17,,,True,寻人,,,字挺好看的,积极,jjqyx
1730,1730_01,2022-06-17,,,False,祝福,J2209,J,,积极,
1731,1731_01,2022-06-17,,,True,祝福,J2207,J,中考顺利 金榜题名 进入梦想的高中,积极,J2207qbtx
1732,1732_01,2022-06-17,,,False,寻人,,,去世外,中性,jnqswdtx wjqswdxjxz
1733,1733_01,2022-06-17,,,False,祝福,,,,积极,xdxmm
1734,1734_01,2022-06-17,,,True,寻人,,,美女 可爱,积极,
1735,1735_01,2022-06-17,,,True,提问,J2303,J,,中性,yjn Isy jy
1736,1736_01,2022-06-16,,,True,提问,,,,中性,
1737,1737_01,2022-06-16,,,False,寻人,,,写祝福卡 言简意赅,积极,xdhxm
1738,1738_01,2022-06-16,,,True,祝福,,,中考金榜题名 学业有成,积极,hbm
1739,1739_01,2022-06-16,,,False,提问,,,,中性,
1739,1739_02,2022-06-16,,,False,提问,,,,中性,
1739,1739_03,2022-06-16,,,False,寻人,J2305,J,初三毕业班写寄语的学弟学妹 卡片上写着j2305俞,中性,y
1741,1741_01,2022-06-16,J2210,J,False,祝福,,,新婚快乐 百年好合,积极,ss
1742,1742_01,2022-06-16,,,True,寻人,,,字好看,积极,f223amDcfpl
1743,1743_01,2022-06-16,J303,J,True,其他,,,,中性,
1744,1744_01,2022-06-16,,,True,其他,,,,积极,jttjfndtx
1745,1745_01,2022-06-16,,,False,寻人,S2408,I,小朋友,中性,yj
1746,1746_01,2022-06-16,,,True,祝福,J2207,J,中考顺利 成功上岸,积极,J2207qbtx
1747,1747_01,2022-06-16,,,True,表白,J2206,J,好看 很瘦 披头发 戴口罩 住校 经常在四楼吃饭 上周穿了白上衣黑短裤,积极,
1748,1748_01,2022-06-16,,,True,其他,,,,中性,
1749,1749_01,2022-06-16,,,True,寻人,,,往届 去上海世外 学长学姐,中性,nwwjqshswdxzxj
1750,1750_01,2022-06-16,,,True,寻人,J2402,J,,中性,xy
1751,1751_01,2022-06-16,,,False,其他,,,,中性,
1752,1752_01,2022-06-16,,,True,提问,,,,中性,
1753,1753_01,2022-06-16,,,True,吐槽,,,,消极,
1754,1754_01,2022-06-16,,,True,寻物,,,,中性,
1755,1755_01,2022-06-16,,,True,吐槽,,S,不收拾餐盘 没手 需要伺候,消极,gzbdgm
1756,1756_01,2022-06-16,,,True,其他,,,,中性,
1757,1757_01,2022-06-16,,,True,推广,,,,中性,
1758,1758_01,2022-06-16,,,True,提问,,,,中性,
1759,1759_01,2022-06-16,,,True,提问,,,,中性,
1760,1760_01,2022-06-16,,,False,寻人,,,,中性,wx
1761,1761_01,2022-06-16,,,True,提问,,,,中性,xlyls
1762,1762_01,2022-06-16,,,True,寻物,S2403,I,,中性,
1763,1763_01,2022-06-16,,,True,祝福,,,,积极,xzxjm
1764,1764_01,2022-06-16,,,True,表白,S2402,I,,积极,fzj
1765,1765_01,2022-06-16,,,True,祝福,,,,积极,
1767,1767_01,2022-06-16,,,True,表白,,I,男神,积极,syl
1768,1768_01,2022-06-16,,,True,祝福,J2205,J,中考顺利,积极,J2205qt
1769,1769_01,2022-06-16,,,True,祝福,,,,积极,csdxzxj
1770,1770_01,2022-06-10,,,False,寻人,,I,国际部 选世界上的另一个我这首歌,积极,
1771,1771_01,2022-06-10,,,True,其他,,,,中性,
1772,1772_01,2022-06-10,,,True,寻物,S2403,I,,中性,
1773,1773_01,2022-06-10,,,True,其他,,,,积极,
1774,1774_01,2022-06-10,,,True,寻物,,,,中性,
1775,1775_01,2022-06-10,,,False,寻物,,,小黄花照片,积极,
1776,1776_01,2022-06-09,,,True,表白,,,高超职业素养,积极,
1782,1782_01,2022-06-09,,,False,其他,,,,中性,
1783,1783_01,2022-06-09,,,True,祝福,J2201 J2303,J J,,积极,Isy yjn99999
1785,1785_01,2022-06-09,,,True,提问,,,,中性,
1786,1786_01,2022-06-08,,,False,其他,,,,中性,
1787,1787_01,2022-06-08,S2002,S,False,寻人,J2203,J,初三 四班,中性,lsq
1788,1788_01,2022-06-07,,,True,表白,S2302,I,经常在篮球馆打球 超师,积极,ya
1789,1789_01,2022-06-07,,,True,寻人,,I,国际部 暑期阿斯丹项目 嘉绒藏寨,中性,lygtx
1790,1790_01,2022-06-06,,,True,表白,S2302,I,帅 眼睛 宝藏男孩,积极,lyc
1791,1791_01,2022-06-06,J2303,J,False,表白,,,,积极,qhx
1792,1792_01,2022-06-06,,,False,其他,,,,中性,twzsdd
1793,1793_01,2022-06-06,,,True,寻人,,,,中性,
1794,1794_01,2022-06-06,,,True,祝福,J2203,J,生日,积极,ijy
1795,1795_01,2022-06-06,,,False,表白,S2302,I,,积极,lyc
1796,1796_01,2022-06-05,,,True,祝福,,,,积极,d
1797,1797_01,2022-06-05,,,True,表白,J2307,J,,积极,chg
1798,1798_01,2022-06-05,,,True,表白,S2402,I,,积极,lwz
1799,1799_01,2022-06-05,J2304,J,False,表白,,,举大旗 我老婆,积极,
1800,1800_01,2022-06-05,,,True,祝福,J2403,J,,积极,ghy zrx
1801,1801_01,2022-06-05,,,True,祝福,,,,积极,
1802,1802_01,2022-06-05,,,True,表白,J2202,J,没有刘海也很好看,积极,xy
1803,1803_01,2022-06-05,J2403,J,False,表白,,,,积极,zrx
1818,1818_01,2022-06-05,,,False,寻人,,J,初二 朋友,积极,zy yc
1819,1819_01,2022-06-05,,,True,推广,,,,中性,
1820,1820_01,2022-06-05,,,True,表白,J2403,J,,积极,ghy
1821,1821_01,2022-06-05,,,False,推广,,,,中性,
1822,1822_01,2022-06-05,,,False,表白,J2207 J2207,J J,,中性,lsq tsy
1823,1823_01,2022-06-05,,,True,其他,,,,中性,
1824,1824_01,2022-06-05,,,True,推广,,,,中性,
1825,1825_01,2022-06-05,,,True,提问,,,,中性,jsjls
1826,1826_01,2022-06-05,,,True,表白,J2209,J,,积极,cjy
1827,1827_01,2022-06-05,,,True,表白,,,,积极,ztj
1829,1829_01,2022-06-05,,,True,表白,J2306,J,,积极,zzr
1831,1831_01,2022-06-05,,,True,表白,J2207 J2207,J J,,积极,lsq tsy
1832,1832_01,2022-06-04,J2102,J,True,推广,,,,积极,
1833,1833_01,2022-06-04,,,True,其他,,,,积极,
1834,1834_01,2022-06-04,,,True,表白,S2203,S,2203班,积极,xnh
1835,1835_01,2022-06-04,,,False,祝福,J2203,J,中考顺利,积极,
1836,1836_01,2022-06-04,,,True,表白,,,,积极,cjy
1837,1837_01,2022-06-04,,,True,提问,,,,中性,
1838,1838_01,2022-06-04,,,True,寻人,J2307,J,姐姐 新成员,积极,yx
1839,1839_01,2022-06-04,,,True,其他,,,,中性,
1840,1840_01,2022-06-04,,,True,推广,,,,积极,
1841,1841_01,2022-06-04,,,True,表白,J2404,J,,积极,dzx
1842,1842_01,2022-06-04,,,True,表白,J2402,J,,积极,hys
1843,1843_01,2022-06-04,,,True,祝福,,,中考加油,积极,qj lsq
1844,1844_01,2022-06-02,,,True,寻人,,,戴眼镜 女生 紫色短袖 牛仔裤 披个校服外套,中性,
1845,1845_01,2022-06-02,,,False,祝福,,,,积极,
1846,1846_01,2022-06-01,,,True,其他,,,,消极,
1847,1847_01,2022-06-01,,,True,表白,J2105,J,心中有光 熠熠生辉 向着终将到来的黎明出发 做夜空中最亮的星 欣欣子勇敢飞 启明星永相随 生日快乐,积极,czx
1848,1848_01,2022-05-30,,,False,祝福,,,,积极,
1849,1849_01,2022-05-30,,,True,其他,,,,中性,
1850,1850_01,2022-05-30,J2205,J,False,其他,,,,中性,
1851,1851_01,2022-05-30,,,False,其他,,,,中性,
1852,1852_01,2022-05-30,,,True,其他,,,,中性,
1853,1853_01,2022-05-30,,,True,其他,,,,中性,
1854,1854_01,2022-05-30,,,True,其他,,,,中性,xkx
1855,1855_01,2022-05-30,,,True,其他,,,欠钱不还,消极,lyp
1856,1856_01,2022-05-30,,,True,其他,,,,消极,
1857,1857_01,2022-05-30,,,True,其他,,,,消极,
1858,1858_01,2022-05-30,,,True,其他,,,,中性,
